candidate_id,chemicalComposition,surfaceComposition,facet,sites,candidate_key,is_novel,formula,surface,normalized_facet,site,pred_dG_H,pred_dG_H_sigma,abs_pred_dG_H,model,feature_mode,cv_mae_eV,cv_rmse_eV,cv_r2,n_train_samples,n_features
"C8Ga9|MoB2-Ru-B01|001|{""H"": ""site3""}",C8Ga9,MoB2-Ru-B01,1,"{""H"": ""site3""}","C8Ga9|MoB2-Ru-B01|001|{""H"": ""site3""}",True,C8Ga9,MoB2-Ru-B01,001,site3,0.008444092214161848,0.6753628260016412,0.008444092214161848,ExtraTrees,matminer_magpie_plus_handcrafted_surface_site,0.2597755987060739,0.4751750932464166,0.47161655211507225,9481,220
"BPdZn2|MoB2-Fe-B01|001|{""H"": ""site5""}",BPdZn2,MoB2-Fe-B01,1,"{""H"": ""site5""}","BPdZn2|MoB2-Fe-B01|001|{""H"": ""site5""}",True,BPdZn2,MoB2-Fe-B01,001,site5,0.02066747963004567,0.5655733889942048,0.02066747963004567,ExtraTrees,matminer_magpie_plus_handcrafted_surface_site,0.2597755987060739,0.4751750932464166,0.47161655211507225,9481,220
"Pb10Pt11|HgIn|101|{""H"": ""top-tilt|B""}",Pb10Pt11,HgIn,101,"{""H"": ""top-tilt|B""}","Pb10Pt11|HgIn|101|{""H"": ""top-tilt|B""}",True,Pb10Pt11,HgIn,101,top-tilt|B,0.05893368305537269,0.392035554131926,0.05893368305537269,ExtraTrees,matminer_magpie_plus_handcrafted_surface_site,0.2597755987060739,0.4751750932464166,0.47161655211507225,9481,220
"B10Zn7|Au3Ru|111|{""H"": ""hollow|A_A_B|HCP""}",B10Zn7,Au3Ru,111,"{""H"": ""hollow|A_A_B|HCP""}","B10Zn7|Au3Ru|111|{""H"": ""hollow|A_A_B|HCP""}",True,B10Zn7,Au3Ru,111,hollow|A_A_B|HCP,-0.060085904487055954,0.5798063600593312,0.060085904487055954,ExtraTrees,matminer_magpie_plus_handcrafted_surface_site,0.2597755987060739,0.4751750932464166,0.47161655211507225,9481,220
"B5Mo2|In3Zn|111|{""H"": ""hollow|A_A_A|FCC""}",B5Mo2,In3Zn,111,"{""H"": ""hollow|A_A_A|FCC""}","B5Mo2|In3Zn|111|{""H"": ""hollow|A_A_A|FCC""}",True,B5Mo2,In3Zn,111,hollow|A_A_A|FCC,-0.08038320503688345,0.5169542956654242,0.08038320503688345,ExtraTrees,matminer_magpie_plus_handcrafted_surface_site,0.2597755987060739,0.4751750932464166,0.47161655211507225,9481,220
"BInMoSn|Re3Ta|111|{""H"": ""hollow|A_A_A|FCC""}",BInMoSn,Re3Ta,111,"{""H"": ""hollow|A_A_A|FCC""}","BInMoSn|Re3Ta|111|{""H"": ""hollow|A_A_A|FCC""}",True,BInMoSn,Re3Ta,111,hollow|A_A_A|FCC,-0.09256939406588546,0.6782706197735817,0.09256939406588546,ExtraTrees,matminer_magpie_plus_handcrafted_surface_site,0.2597755987060739,0.4751750932464166,0.47161655211507225,9481,220
"B17Mo7|MoB2-Nb-B00|001|{""H"": ""site4""}",B17Mo7,MoB2-Nb-B00,1,"{""H"": ""site4""}","B17Mo7|MoB2-Nb-B00|001|{""H"": ""site4""}",True,B17Mo7,MoB2-Nb-B00,001,site4,-0.09775260686097655,0.5330096245604515,0.09775260686097655,ExtraTrees,matminer_magpie_plus_handcrafted_surface_site,0.2597755987060739,0.4751750932464166,0.47161655211507225,9481,220
"B6Ga|NbV|101|{""H"": ""hollow|A_B_B|HCP""}",B6Ga,NbV,101,"{""H"": ""hollow|A_B_B|HCP""}","B6Ga|NbV|101|{""H"": ""hollow|A_B_B|HCP""}",True,B6Ga,NbV,101,hollow|A_B_B|HCP,-0.09853679715908518,0.6855415628783769,0.09853679715908518,ExtraTrees,matminer_magpie_plus_handcrafted_surface_site,0.2597755987060739,0.4751750932464166,0.47161655211507225,9481,220
"BCoReZn|PtSn|101|{""H"": ""top|A""}",BCoReZn,PtSn,101,"{""H"": ""top|A""}","BCoReZn|PtSn|101|{""H"": ""top|A""}",True,BCoReZn,PtSn,101,top|A,0.09872317427722109,0.39585564794018313,0.09872317427722109,ExtraTrees,matminer_magpie_plus_handcrafted_surface_site,0.2597755987060739,0.4751750932464166,0.47161655211507225,9481,220
"B9C5Cr4H3|CuGa|101|{""H"": ""bridge|A_A|B""}",B9C5Cr4H3,CuGa,101,"{""H"": ""bridge|A_A|B""}","B9C5Cr4H3|CuGa|101|{""H"": ""bridge|A_A|B""}",True,B9C5Cr4H3,CuGa,101,bridge|A_A|B,-0.10654337688172921,0.752234358144185,0.10654337688172921,ExtraTrees,matminer_magpie_plus_handcrafted_surface_site,0.2597755987060739,0.4751750932464166,0.47161655211507225,9481,220
"B2HTi|Zn3Pb|111|{""H"": ""hollow|A_A_A|FCC""}",B2HTi,Zn3Pb,111,"{""H"": ""hollow|A_A_A|FCC""}","B2HTi|Zn3Pb|111|{""H"": ""hollow|A_A_A|FCC""}",True,B2HTi,Zn3Pb,111,hollow|A_A_A|FCC,-0.10959459337036334,0.7075024254457309,0.10959459337036334,ExtraTrees,matminer_magpie_plus_handcrafted_surface_site,0.2597755987060739,0.4751750932464166,0.47161655211507225,9481,220
"InMoSnW|Ga3Al|111|{""H"": ""hollow|A_A_A|FCC""}",InMoSnW,Ga3Al,111,"{""H"": ""hollow|A_A_A|FCC""}","InMoSnW|Ga3Al|111|{""H"": ""hollow|A_A_A|FCC""}",True,InMoSnW,Ga3Al,111,hollow|A_A_A|FCC,0.12048597678703989,0.6726476727692996,0.12048597678703989,ExtraTrees,matminer_magpie_plus_handcrafted_surface_site,0.2597755987060739,0.4751750932464166,0.47161655211507225,9481,220
"B11Zn13|CoRe|101|{""H"": ""hollow|A_A_B|FCC""}",B11Zn13,CoRe,101,"{""H"": ""hollow|A_A_B|FCC""}","B11Zn13|CoRe|101|{""H"": ""hollow|A_A_B|FCC""}",True,B11Zn13,CoRe,101,hollow|A_A_B|FCC,0.12484883395774907,0.4780564021408814,0.12484883395774907,ExtraTrees,matminer_magpie_plus_handcrafted_surface_site,0.2597755987060739,0.4751750932464166,0.47161655211507225,9481,220
"B9FeH2|AlGa|101|{""H"": ""bridge|A_A|B""}",B9FeH2,AlGa,101,"{""H"": ""bridge|A_A|B""}","B9FeH2|AlGa|101|{""H"": ""bridge|A_A|B""}",True,B9FeH2,AlGa,101,bridge|A_A|B,-0.1302632368314,0.8052476800854804,0.1302632368314,ExtraTrees,matminer_magpie_plus_handcrafted_surface_site,0.2597755987060739,0.4751750932464166,0.47161655211507225,9481,220
"PtTi|PdZn|101|{""H"": ""hollow|A_B_B|FCC""}",PtTi,PdZn,101,"{""H"": ""hollow|A_B_B|FCC""}","PtTi|PdZn|101|{""H"": ""hollow|A_B_B|FCC""}",True,PtTi,PdZn,101,hollow|A_B_B|FCC,-0.1311678090573553,0.3886833766130649,0.1311678090573553,ExtraTrees,matminer_magpie_plus_handcrafted_surface_site,0.2597755987060739,0.4751750932464166,0.47161655211507225,9481,220
"BC|TlY|101|{""H"": ""hollow-tilt|A_A_B|FCC""}",BC,TlY,101,"{""H"": ""hollow-tilt|A_A_B|FCC""}","BC|TlY|101|{""H"": ""hollow-tilt|A_A_B|FCC""}",True,BC,TlY,101,hollow-tilt|A_A_B|FCC,-0.1342292864586256,0.7504465588670215,0.1342292864586256,ExtraTrees,matminer_magpie_plus_handcrafted_surface_site,0.2597755987060739,0.4751750932464166,0.47161655211507225,9481,220
"B7Mo5Pd6Ru6|Al3Hf|111|{""H"": ""hollow|A_A_B|FCC""}",B7Mo5Pd6Ru6,Al3Hf,111,"{""H"": ""hollow|A_A_B|FCC""}","B7Mo5Pd6Ru6|Al3Hf|111|{""H"": ""hollow|A_A_B|FCC""}",True,B7Mo5Pd6Ru6,Al3Hf,111,hollow|A_A_B|FCC,-0.14629550992627194,0.7372049056498907,0.14629550992627194,ExtraTrees,matminer_magpie_plus_handcrafted_surface_site,0.2597755987060739,0.4751750932464166,0.47161655211507225,9481,220
"GaW|Ti3Ta|111|{""H"": ""hollow|A_A_A|FCC""}",GaW,Ti3Ta,111,"{""H"": ""hollow|A_A_A|FCC""}","GaW|Ti3Ta|111|{""H"": ""hollow|A_A_A|FCC""}",True,GaW,Ti3Ta,111,hollow|A_A_A|FCC,-0.14675238130256266,0.468903624638329,0.14675238130256266,ExtraTrees,matminer_magpie_plus_handcrafted_surface_site,0.2597755987060739,0.4751750932464166,0.47161655211507225,9481,220
"B7H|Ga3Ta|111|{""H"": ""hollow|A_A_A|FCC""}",B7H,Ga3Ta,111,"{""H"": ""hollow|A_A_A|FCC""}","B7H|Ga3Ta|111|{""H"": ""hollow|A_A_A|FCC""}",True,B7H,Ga3Ta,111,hollow|A_A_A|FCC,-0.14903121367833772,0.6671143738431247,0.14903121367833772,ExtraTrees,matminer_magpie_plus_handcrafted_surface_site,0.2597755987060739,0.4751750932464166,0.47161655211507225,9481,220
"Bi7Mo5|GaHg|101|{""H"": ""top|A""}",Bi7Mo5,GaHg,101,"{""H"": ""top|A""}","Bi7Mo5|GaHg|101|{""H"": ""top|A""}",True,Bi7Mo5,GaHg,101,top|A,0.1522714096866065,0.4967223986580423,0.1522714096866065,ExtraTrees,matminer_magpie_plus_handcrafted_surface_site,0.2597755987060739,0.4751750932464166,0.47161655211507225,9481,220
"B3Pd|Re3Sc|111|{""H"": ""hollow|A_A_A|HCP""}",B3Pd,Re3Sc,111,"{""H"": ""hollow|A_A_A|HCP""}","B3Pd|Re3Sc|111|{""H"": ""hollow|A_A_A|HCP""}",True,B3Pd,Re3Sc,111,hollow|A_A_A|HCP,-0.1603685380471828,0.6338116485270321,0.1603685380471828,ExtraTrees,matminer_magpie_plus_handcrafted_surface_site,0.2597755987060739,0.4751750932464166,0.47161655211507225,9481,220
"Mo5Os7|HgIn|101|{""H"": ""top-tilt|B""}",Mo5Os7,HgIn,101,"{""H"": ""top-tilt|B""}","Mo5Os7|HgIn|101|{""H"": ""top-tilt|B""}",True,Mo5Os7,HgIn,101,top-tilt|B,0.16103819764837732,0.3176611133756301,0.16103819764837732,ExtraTrees,matminer_magpie_plus_handcrafted_surface_site,0.2597755987060739,0.4751750932464166,0.47161655211507225,9481,220
"CZn|Cr-Cl|001|{""H"": ""site1""}",CZn,Cr-Cl,1,"{""H"": ""site1""}","CZn|Cr-Cl|001|{""H"": ""site1""}",True,CZn,Cr-Cl,001,site1,-0.1752610212631223,0.7137994324326588,0.1752610212631223,ExtraTrees,matminer_magpie_plus_handcrafted_surface_site,0.2597755987060739,0.4751750932464166,0.47161655211507225,9481,220
"C5Ga7|GaV|101|{""H"": ""hollow-tilt|A_A_B|HCP""}",C5Ga7,GaV,101,"{""H"": ""hollow-tilt|A_A_B|HCP""}","C5Ga7|GaV|101|{""H"": ""hollow-tilt|A_A_B|HCP""}",True,C5Ga7,GaV,101,hollow-tilt|A_A_B|HCP,0.1937088988790857,0.6367210007578408,0.1937088988790857,ExtraTrees,matminer_magpie_plus_handcrafted_surface_site,0.2597755987060739,0.4751750932464166,0.47161655211507225,9481,220
"B7HPd|Au3Ru|111|{""H"": ""hollow|A_A_A|FCC""}",B7HPd,Au3Ru,111,"{""H"": ""hollow|A_A_A|FCC""}","B7HPd|Au3Ru|111|{""H"": ""hollow|A_A_A|FCC""}",True,B7HPd,Au3Ru,111,hollow|A_A_A|FCC,-0.19458225473386861,0.7054081223008647,0.19458225473386861,ExtraTrees,matminer_magpie_plus_handcrafted_surface_site,0.2597755987060739,0.4751750932464166,0.47161655211507225,9481,220
"Mo3Ru5|PbSn|101|{""H"": ""top|B""}",Mo3Ru5,PbSn,101,"{""H"": ""top|B""}","Mo3Ru5|PbSn|101|{""H"": ""top|B""}",True,Mo3Ru5,PbSn,101,top|B,0.19957364242297373,0.43138002418673427,0.19957364242297373,ExtraTrees,matminer_magpie_plus_handcrafted_surface_site,0.2597755987060739,0.4751750932464166,0.47161655211507225,9481,220
"BiZr|MoB2-Zr-B03|001|{""H"": ""site2""}",BiZr,MoB2-Zr-B03,1,"{""H"": ""site2""}","BiZr|MoB2-Zr-B03|001|{""H"": ""site2""}",True,BiZr,MoB2-Zr-B03,001,site2,-0.19997598803575792,0.5157998644300175,0.19997598803575792,ExtraTrees,matminer_magpie_plus_handcrafted_surface_site,0.2597755987060739,0.4751750932464166,0.47161655211507225,9481,220
"Cu2MoRu|Pb3Rh|111|{""H"": ""hollow|A_A_A|HCP""}",Cu2MoRu,Pb3Rh,111,"{""H"": ""hollow|A_A_A|HCP""}","Cu2MoRu|Pb3Rh|111|{""H"": ""hollow|A_A_A|HCP""}",True,Cu2MoRu,Pb3Rh,111,hollow|A_A_A|HCP,-0.20126943949064544,0.34630647474152787,0.20126943949064544,ExtraTrees,matminer_magpie_plus_handcrafted_surface_site,0.2597755987060739,0.4751750932464166,0.47161655211507225,9481,220
"BGaPdY|MoRe|101|{""H"": ""hollow|A_B_B|FCC""}",BGaPdY,MoRe,101,"{""H"": ""hollow|A_B_B|FCC""}","BGaPdY|MoRe|101|{""H"": ""hollow|A_B_B|FCC""}",True,BGaPdY,MoRe,101,hollow|A_B_B|FCC,-0.20178367592727703,0.7567898482261538,0.20178367592727703,ExtraTrees,matminer_magpie_plus_handcrafted_surface_site,0.2597755987060739,0.4751750932464166,0.47161655211507225,9481,220
"Mo4Pb5Pt4W5|MoB2-Fe-B02|001|{""H"": ""site8""}",Mo4Pb5Pt4W5,MoB2-Fe-B02,1,"{""H"": ""site8""}","Mo4Pb5Pt4W5|MoB2-Fe-B02|001|{""H"": ""site8""}",True,Mo4Pb5Pt4W5,MoB2-Fe-B02,001,site8,-0.2024137470699826,0.7705792440634887,0.2024137470699826,ExtraTrees,matminer_magpie_plus_handcrafted_surface_site,0.2597755987060739,0.4751750932464166,0.47161655211507225,9481,220
"B4CrMo|NiOs|101|{""H"": ""hollow|A_B_B|HCP""}",B4CrMo,NiOs,101,"{""H"": ""hollow|A_B_B|HCP""}","B4CrMo|NiOs|101|{""H"": ""hollow|A_B_B|HCP""}",True,B4CrMo,NiOs,101,hollow|A_B_B|HCP,-0.20274742989822644,0.5308696438947511,0.20274742989822644,ExtraTrees,matminer_magpie_plus_handcrafted_surface_site,0.2597755987060739,0.4751750932464166,0.47161655211507225,9481,220
"Cu2Fe|GaTi|101|{""H"": ""hollow|A_B_B|HCP""}",Cu2Fe,GaTi,101,"{""H"": ""hollow|A_B_B|HCP""}","Cu2Fe|GaTi|101|{""H"": ""hollow|A_B_B|HCP""}",True,Cu2Fe,GaTi,101,hollow|A_B_B|HCP,-0.20355692519633717,0.37151232244296706,0.20355692519633717,ExtraTrees,matminer_magpie_plus_handcrafted_surface_site,0.2597755987060739,0.4751750932464166,0.47161655211507225,9481,220
"B13Zn11|MoB2-Fe-B02|001|{""H"": ""site10""}",B13Zn11,MoB2-Fe-B02,1,"{""H"": ""site10""}","B13Zn11|MoB2-Fe-B02|001|{""H"": ""site10""}",True,B13Zn11,MoB2-Fe-B02,001,site10,-0.20788220173677172,0.6670290250781578,0.20788220173677172,ExtraTrees,matminer_magpie_plus_handcrafted_surface_site,0.2597755987060739,0.4751750932464166,0.47161655211507225,9481,220
"Ga4Pt6Ti5Y3|MoRe|101|{""H"": ""hollow|A_A_B|FCC""}",Ga4Pt6Ti5Y3,MoRe,101,"{""H"": ""hollow|A_A_B|FCC""}","Ga4Pt6Ti5Y3|MoRe|101|{""H"": ""hollow|A_A_B|FCC""}",True,Ga4Pt6Ti5Y3,MoRe,101,hollow|A_A_B|FCC,-0.21196893090218047,0.6754674095180941,0.21196893090218047,ExtraTrees,matminer_magpie_plus_handcrafted_surface_site,0.2597755987060739,0.4751750932464166,0.47161655211507225,9481,220
"B2Tc|GaHg|101|{""H"": ""top|B""}",B2Tc,GaHg,101,"{""H"": ""top|B""}","B2Tc|GaHg|101|{""H"": ""top|B""}",True,B2Tc,GaHg,101,top|B,0.21339264860667315,0.4765758707793891,0.21339264860667315,ExtraTrees,matminer_magpie_plus_handcrafted_surface_site,0.2597755987060739,0.4751750932464166,0.47161655211507225,9481,220
"B14H2Mo3|Au3Ir|111|{""H"": ""hollow|A_A_A|FCC""}",B14H2Mo3,Au3Ir,111,"{""H"": ""hollow|A_A_A|FCC""}","B14H2Mo3|Au3Ir|111|{""H"": ""hollow|A_A_A|FCC""}",True,B14H2Mo3,Au3Ir,111,hollow|A_A_A|FCC,-0.2157442423403684,0.728654478255614,0.2157442423403684,ExtraTrees,matminer_magpie_plus_handcrafted_surface_site,0.2597755987060739,0.4751750932464166,0.47161655211507225,9481,220
"B18H2La|Pt3Pb|111|{""H"": ""hollow|A_A_A|HCP""}",B18H2La,Pt3Pb,111,"{""H"": ""hollow|A_A_A|HCP""}","B18H2La|Pt3Pb|111|{""H"": ""hollow|A_A_A|HCP""}",True,B18H2La,Pt3Pb,111,hollow|A_A_A|HCP,-0.21602640519512673,0.7319946650333148,0.21602640519512673,ExtraTrees,matminer_magpie_plus_handcrafted_surface_site,0.2597755987060739,0.4751750932464166,0.47161655211507225,9481,220
"MoPbV|Pt3Pb|111|{""H"": ""hollow|A_A_A|FCC""}",MoPbV,Pt3Pb,111,"{""H"": ""hollow|A_A_A|FCC""}","MoPbV|Pt3Pb|111|{""H"": ""hollow|A_A_A|FCC""}",True,MoPbV,Pt3Pb,111,hollow|A_A_A|FCC,-0.2162268190097093,0.5614174991261752,0.2162268190097093,ExtraTrees,matminer_magpie_plus_handcrafted_surface_site,0.2597755987060739,0.4751750932464166,0.47161655211507225,9481,220
"B3V|CoOs|101|{""H"": ""top-tilt|B""}",B3V,CoOs,101,"{""H"": ""top-tilt|B""}","B3V|CoOs|101|{""H"": ""top-tilt|B""}",True,B3V,CoOs,101,top-tilt|B,0.22187118043141957,0.43572987343951597,0.22187118043141957,ExtraTrees,matminer_magpie_plus_handcrafted_surface_site,0.2597755987060739,0.4751750932464166,0.47161655211507225,9481,220
"B17Re|Zn3Pb|111|{""H"": ""hollow|A_A_A|HCP""}",B17Re,Zn3Pb,111,"{""H"": ""hollow|A_A_A|HCP""}","B17Re|Zn3Pb|111|{""H"": ""hollow|A_A_A|HCP""}",True,B17Re,Zn3Pb,111,hollow|A_A_A|HCP,-0.225981787714147,0.7295632942678915,0.225981787714147,ExtraTrees,matminer_magpie_plus_handcrafted_surface_site,0.2597755987060739,0.4751750932464166,0.47161655211507225,9481,220
"B11C13|MoB2-Hf-B03|001|{""H"": ""site5""}",B11C13,MoB2-Hf-B03,1,"{""H"": ""site5""}","B11C13|MoB2-Hf-B03|001|{""H"": ""site5""}",True,B11C13,MoB2-Hf-B03,001,site5,-0.22865093137705536,0.8101105969674439,0.22865093137705536,ExtraTrees,matminer_magpie_plus_handcrafted_surface_site,0.2597755987060739,0.4751750932464166,0.47161655211507225,9481,220
"InMo|Ga3Al|111|{""H"": ""hollow|A_A_A|FCC""}",InMo,Ga3Al,111,"{""H"": ""hollow|A_A_A|FCC""}","InMo|Ga3Al|111|{""H"": ""hollow|A_A_A|FCC""}",True,InMo,Ga3Al,111,hollow|A_A_A|FCC,0.23270570283034456,0.48958009168097566,0.23270570283034456,ExtraTrees,matminer_magpie_plus_handcrafted_surface_site,0.2597755987060739,0.4751750932464166,0.47161655211507225,9481,220
"BGa2|MoB2-Fe-B00|001|{""H"": ""site11""}",BGa2,MoB2-Fe-B00,1,"{""H"": ""site11""}","BGa2|MoB2-Fe-B00|001|{""H"": ""site11""}",True,BGa2,MoB2-Fe-B00,001,site11,0.2359234167387982,0.5777838614262535,0.2359234167387982,ExtraTrees,matminer_magpie_plus_handcrafted_surface_site,0.2597755987060739,0.4751750932464166,0.47161655211507225,9481,220
"Cu2GaMo|Pd3Zr|111|{""H"": ""top|B""}",Cu2GaMo,Pd3Zr,111,"{""H"": ""top|B""}","Cu2GaMo|Pd3Zr|111|{""H"": ""top|B""}",True,Cu2GaMo,Pd3Zr,111,top|B,0.23627634941726186,0.3836451408147333,0.23627634941726186,ExtraTrees,matminer_magpie_plus_handcrafted_surface_site,0.2597755987060739,0.4751750932464166,0.47161655211507225,9481,220
"BH2|MoRe|101|{""H"": ""top|B""}",BH2,MoRe,101,"{""H"": ""top|B""}","BH2|MoRe|101|{""H"": ""top|B""}",True,BH2,MoRe,101,top|B,0.23860374900232734,0.5486234301885704,0.23860374900232734,ExtraTrees,matminer_magpie_plus_handcrafted_surface_site,0.2597755987060739,0.4751750932464166,0.47161655211507225,9481,220
"BMoTi|Zn3Pb|111|{""H"": ""hollow|A_A_A|HCP""}",BMoTi,Zn3Pb,111,"{""H"": ""hollow|A_A_A|HCP""}","BMoTi|Zn3Pb|111|{""H"": ""hollow|A_A_A|HCP""}",True,BMoTi,Zn3Pb,111,hollow|A_A_A|HCP,-0.23963728691154146,0.6144349870049192,0.23963728691154146,ExtraTrees,matminer_magpie_plus_handcrafted_surface_site,0.2597755987060739,0.4751750932464166,0.47161655211507225,9481,220
"B6Mo|CuGa|101|{""H"": ""hollow|A_B_B|FCC""}",B6Mo,CuGa,101,"{""H"": ""hollow|A_B_B|FCC""}","B6Mo|CuGa|101|{""H"": ""hollow|A_B_B|FCC""}",True,B6Mo,CuGa,101,hollow|A_B_B|FCC,-0.2448232344006783,0.6467466460747896,0.2448232344006783,ExtraTrees,matminer_magpie_plus_handcrafted_surface_site,0.2597755987060739,0.4751750932464166,0.47161655211507225,9481,220
"B4Ga4H5V5|Ga3Zr|111|{""H"": ""hollow|A_A_B|HCP""}",B4Ga4H5V5,Ga3Zr,111,"{""H"": ""hollow|A_A_B|HCP""}","B4Ga4H5V5|Ga3Zr|111|{""H"": ""hollow|A_A_B|HCP""}",True,B4Ga4H5V5,Ga3Zr,111,hollow|A_A_B|HCP,-0.24541223923735597,0.7458748479562115,0.24541223923735597,ExtraTrees,matminer_magpie_plus_handcrafted_surface_site,0.2597755987060739,0.4751750932464166,0.47161655211507225,9481,220
"B14H3Ti|Al3W|111|{""H"": ""hollow|A_A_A|HCP""}",B14H3Ti,Al3W,111,"{""H"": ""hollow|A_A_A|HCP""}","B14H3Ti|Al3W|111|{""H"": ""hollow|A_A_A|HCP""}",True,B14H3Ti,Al3W,111,hollow|A_A_A|HCP,-0.24812757946602712,0.7510982233472673,0.24812757946602712,ExtraTrees,matminer_magpie_plus_handcrafted_surface_site,0.2597755987060739,0.4751750932464166,0.47161655211507225,9481,220
"B17H7|Re3V|111|{""H"": ""hollow|A_A_B|HCP""}",B17H7,Re3V,111,"{""H"": ""hollow|A_A_B|HCP""}","B17H7|Re3V|111|{""H"": ""hollow|A_A_B|HCP""}",True,B17H7,Re3V,111,hollow|A_A_B|HCP,-0.25174630767785106,0.6979389282721208,0.25174630767785106,ExtraTrees,matminer_magpie_plus_handcrafted_surface_site,0.2597755987060739,0.4751750932464166,0.47161655211507225,9481,220
"B8C5Mo5|MoB2-W-B02|001|{""H"": ""site5""}",B8C5Mo5,MoB2-W-B02,1,"{""H"": ""site5""}","B8C5Mo5|MoB2-W-B02|001|{""H"": ""site5""}",True,B8C5Mo5,MoB2-W-B02,001,site5,-0.25299173773018746,0.6030165007736666,0.25299173773018746,ExtraTrees,matminer_magpie_plus_handcrafted_surface_site,0.2597755987060739,0.4751750932464166,0.47161655211507225,9481,220
"B2H|PdV|101|{""H"": ""hollow|A_A_B|FCC""}",B2H,PdV,101,"{""H"": ""hollow|A_A_B|FCC""}","B2H|PdV|101|{""H"": ""hollow|A_A_B|FCC""}",True,B2H,PdV,101,hollow|A_A_B|FCC,-0.25573910421884616,0.7249850513320825,0.25573910421884616,ExtraTrees,matminer_magpie_plus_handcrafted_surface_site,0.2597755987060739,0.4751750932464166,0.47161655211507225,9481,220
"BiMo|Ti3Ta|111|{""H"": ""hollow|A_A_A|HCP""}",BiMo,Ti3Ta,111,"{""H"": ""hollow|A_A_A|HCP""}","BiMo|Ti3Ta|111|{""H"": ""hollow|A_A_A|HCP""}",True,BiMo,Ti3Ta,111,hollow|A_A_A|HCP,-0.2597036370382339,0.4953603199356739,0.2597036370382339,ExtraTrees,matminer_magpie_plus_handcrafted_surface_site,0.2597755987060739,0.4751750932464166,0.47161655211507225,9481,220
"BCrMo|PtSn|101|{""H"": ""top|A""}",BCrMo,PtSn,101,"{""H"": ""top|A""}","BCrMo|PtSn|101|{""H"": ""top|A""}",True,BCrMo,PtSn,101,top|A,0.2598535367024271,0.4320455995703254,0.2598535367024271,ExtraTrees,matminer_magpie_plus_handcrafted_surface_site,0.2597755987060739,0.4751750932464166,0.47161655211507225,9481,220
"B3Zr|MoB2-Nb-B00|001|{""H"": ""site5""}",B3Zr,MoB2-Nb-B00,1,"{""H"": ""site5""}","B3Zr|MoB2-Nb-B00|001|{""H"": ""site5""}",True,B3Zr,MoB2-Nb-B00,001,site5,-0.25999874284373964,0.5094552483969002,0.25999874284373964,ExtraTrees,matminer_magpie_plus_handcrafted_surface_site,0.2597755987060739,0.4751750932464166,0.47161655211507225,9481,220
"Pd2Zr|NiOs|101|{""H"": ""hollow|A_A_B|FCC""}",Pd2Zr,NiOs,101,"{""H"": ""hollow|A_A_B|FCC""}","Pd2Zr|NiOs|101|{""H"": ""hollow|A_A_B|FCC""}",True,Pd2Zr,NiOs,101,hollow|A_A_B|FCC,-0.2649291653892194,0.29378933954225533,0.2649291653892194,ExtraTrees,matminer_magpie_plus_handcrafted_surface_site,0.2597755987060739,0.4751750932464166,0.47161655211507225,9481,220
"B22HMo|Sn3La|111|{""H"": ""hollow|A_A_B|FCC""}",B22HMo,Sn3La,111,"{""H"": ""hollow|A_A_B|FCC""}","B22HMo|Sn3La|111|{""H"": ""hollow|A_A_B|FCC""}",True,B22HMo,Sn3La,111,hollow|A_A_B|FCC,-0.27204991173973786,0.7365425880951939,0.27204991173973786,ExtraTrees,matminer_magpie_plus_handcrafted_surface_site,0.2597755987060739,0.4751750932464166,0.47161655211507225,9481,220
"B6H|Ti3Ta|111|{""H"": ""hollow|A_A_A|FCC""}",B6H,Ti3Ta,111,"{""H"": ""hollow|A_A_A|FCC""}","B6H|Ti3Ta|111|{""H"": ""hollow|A_A_A|FCC""}",True,B6H,Ti3Ta,111,hollow|A_A_A|FCC,-0.2753822615394922,0.6797213582409779,0.2753822615394922,ExtraTrees,matminer_magpie_plus_handcrafted_surface_site,0.2597755987060739,0.4751750932464166,0.47161655211507225,9481,220
"B13Pd6|MoB2-Mn-B00|001|{""H"": ""site10""}",B13Pd6,MoB2-Mn-B00,1,"{""H"": ""site10""}","B13Pd6|MoB2-Mn-B00|001|{""H"": ""site10""}",True,B13Pd6,MoB2-Mn-B00,001,site10,-0.2756863121083207,0.6577816283357822,0.2756863121083207,ExtraTrees,matminer_magpie_plus_handcrafted_surface_site,0.2597755987060739,0.4751750932464166,0.47161655211507225,9481,220
B9Ti7V8|ReRuO2-brg|110|{},B9Ti7V8,ReRuO2-brg,110,{},B9Ti7V8|ReRuO2-brg|110|{},True,B9Ti7V8,ReRuO2-brg,110,unknown,-0.276862210826202,0.7753073713693003,0.276862210826202,ExtraTrees,matminer_magpie_plus_handcrafted_surface_site,0.2597755987060739,0.4751750932464166,0.47161655211507225,9481,220
"CrInMo|MnW|101|{""H"": ""top|A""}",CrInMo,MnW,101,"{""H"": ""top|A""}","CrInMo|MnW|101|{""H"": ""top|A""}",True,CrInMo,MnW,101,top|A,0.2793143390424526,0.4322460480469761,0.2793143390424526,ExtraTrees,matminer_magpie_plus_handcrafted_surface_site,0.2597755987060739,0.4751750932464166,0.47161655211507225,9481,220
"B2Pd|MoB2-Fe-B01|001|{""H"": ""site3""}",B2Pd,MoB2-Fe-B01,1,"{""H"": ""site3""}","B2Pd|MoB2-Fe-B01|001|{""H"": ""site3""}",True,B2Pd,MoB2-Fe-B01,001,site3,-0.28610869841806996,0.6507382146214565,0.28610869841806996,ExtraTrees,matminer_magpie_plus_handcrafted_surface_site,0.2597755987060739,0.4751750932464166,0.47161655211507225,9481,220
"BPd2|Ru3Bi|111|{""H"": ""hollow|A_A_A|FCC""}",BPd2,Ru3Bi,111,"{""H"": ""hollow|A_A_A|FCC""}","BPd2|Ru3Bi|111|{""H"": ""hollow|A_A_A|FCC""}",True,BPd2,Ru3Bi,111,hollow|A_A_A|FCC,-0.2873240151666813,0.3081625607792359,0.2873240151666813,ExtraTrees,matminer_magpie_plus_handcrafted_surface_site,0.2597755987060739,0.4751750932464166,0.47161655211507225,9481,220
"B2Mo|Re3V|111|{""H"": ""hollow|A_A_A|HCP""}",B2Mo,Re3V,111,"{""H"": ""hollow|A_A_A|HCP""}","B2Mo|Re3V|111|{""H"": ""hollow|A_A_A|HCP""}",True,B2Mo,Re3V,111,hollow|A_A_A|HCP,-0.2951823485414429,0.39369629454606164,0.2951823485414429,ExtraTrees,matminer_magpie_plus_handcrafted_surface_site,0.2597755987060739,0.4751750932464166,0.47161655211507225,9481,220
"B15H5Ti4|Fe3W|111|{""H"": ""hollow|A_A_A|HCP""}",B15H5Ti4,Fe3W,111,"{""H"": ""hollow|A_A_A|HCP""}","B15H5Ti4|Fe3W|111|{""H"": ""hollow|A_A_A|HCP""}",True,B15H5Ti4,Fe3W,111,hollow|A_A_A|HCP,-0.2957258340302398,0.7407465115494372,0.2957258340302398,ExtraTrees,matminer_magpie_plus_handcrafted_surface_site,0.2597755987060739,0.4751750932464166,0.47161655211507225,9481,220
"BCu|MoB2-Ru-B02|001|{""H"": ""site4""}",BCu,MoB2-Ru-B02,1,"{""H"": ""site4""}","BCu|MoB2-Ru-B02|001|{""H"": ""site4""}",True,BCu,MoB2-Ru-B02,001,site4,-0.29661054882349847,0.6457575079030881,0.29661054882349847,ExtraTrees,matminer_magpie_plus_handcrafted_surface_site,0.2597755987060739,0.4751750932464166,0.47161655211507225,9481,220
"BMoRu|MoB2-W-B02|001|{""H"": ""site2""}",BMoRu,MoB2-W-B02,1,"{""H"": ""site2""}","BMoRu|MoB2-W-B02|001|{""H"": ""site2""}",True,BMoRu,MoB2-W-B02,001,site2,-0.30290150651931835,0.4947453368258511,0.30290150651931835,ExtraTrees,matminer_magpie_plus_handcrafted_surface_site,0.2597755987060739,0.4751750932464166,0.47161655211507225,9481,220
"C4H3|MoB2-Nb-B00|001|{""H"": ""site6""}",C4H3,MoB2-Nb-B00,1,"{""H"": ""site6""}","C4H3|MoB2-Nb-B00|001|{""H"": ""site6""}",True,C4H3,MoB2-Nb-B00,001,site6,-0.30463367183254547,0.7906081896049966,0.30463367183254547,ExtraTrees,matminer_magpie_plus_handcrafted_surface_site,0.2597755987060739,0.4751750932464166,0.47161655211507225,9481,220
"B17Pd7|MoB2-Fe-B00|001|{""H"": ""site8""}",B17Pd7,MoB2-Fe-B00,1,"{""H"": ""site8""}","B17Pd7|MoB2-Fe-B00|001|{""H"": ""site8""}",True,B17Pd7,MoB2-Fe-B00,001,site8,-0.30526684014406646,0.6755997783037669,0.30526684014406646,ExtraTrees,matminer_magpie_plus_handcrafted_surface_site,0.2597755987060739,0.4751750932464166,0.47161655211507225,9481,220
"B12Mo5|PbSc|101|{""H"": ""bridge|B_B|A""}",B12Mo5,PbSc,101,"{""H"": ""bridge|B_B|A""}","B12Mo5|PbSc|101|{""H"": ""bridge|B_B|A""}",True,B12Mo5,PbSc,101,bridge|B_B|A,-0.3088042188907053,0.4409389364370409,0.3088042188907053,ExtraTrees,matminer_magpie_plus_handcrafted_surface_site,0.2597755987060739,0.4751750932464166,0.47161655211507225,9481,220
"B11H2Mo3Ti|ReZr|101|{""H"": ""top|B""}",B11H2Mo3Ti,ReZr,101,"{""H"": ""top|B""}","B11H2Mo3Ti|ReZr|101|{""H"": ""top|B""}",True,B11H2Mo3Ti,ReZr,101,top|B,0.31083992075461064,0.4597850854404772,0.31083992075461064,ExtraTrees,matminer_magpie_plus_handcrafted_surface_site,0.2597755987060739,0.4751750932464166,0.47161655211507225,9481,220
"B7Ga|Cr-F|001|{""H"": ""site1""}",B7Ga,Cr-F,1,"{""H"": ""site1""}","B7Ga|Cr-F|001|{""H"": ""site1""}",True,B7Ga,Cr-F,001,site1,-0.31425130402023427,0.8068676804719316,0.31425130402023427,ExtraTrees,matminer_magpie_plus_handcrafted_surface_site,0.2597755987060739,0.4751750932464166,0.47161655211507225,9481,220
"B12Cr7Ru5|MoB2-Mn-B00|001|{""H"": ""site2""}",B12Cr7Ru5,MoB2-Mn-B00,1,"{""H"": ""site2""}","B12Cr7Ru5|MoB2-Mn-B00|001|{""H"": ""site2""}",True,B12Cr7Ru5,MoB2-Mn-B00,001,site2,-0.314592751722652,0.5553982999125125,0.314592751722652,ExtraTrees,matminer_magpie_plus_handcrafted_surface_site,0.2597755987060739,0.4751750932464166,0.47161655211507225,9481,220
"B3H|MoB2-Mn-B00|001|{""H"": ""site3""}",B3H,MoB2-Mn-B00,1,"{""H"": ""site3""}","B3H|MoB2-Mn-B00|001|{""H"": ""site3""}",True,B3H,MoB2-Mn-B00,001,site3,-0.31666173758550137,0.747575065044478,0.31666173758550137,ExtraTrees,matminer_magpie_plus_handcrafted_surface_site,0.2597755987060739,0.4751750932464166,0.47161655211507225,9481,220
"B14Cu5Mo5|MoB2-Ru-B01|001|{""H"": ""site1""}",B14Cu5Mo5,MoB2-Ru-B01,1,"{""H"": ""site1""}","B14Cu5Mo5|MoB2-Ru-B01|001|{""H"": ""site1""}",True,B14Cu5Mo5,MoB2-Ru-B01,001,site1,-0.31884170163799036,0.5988202086287112,0.31884170163799036,ExtraTrees,matminer_magpie_plus_handcrafted_surface_site,0.2597755987060739,0.4751750932464166,0.47161655211507225,9481,220
"B5H4|MoB2-Ru-B01|001|{""H"": ""site3""}",B5H4,MoB2-Ru-B01,1,"{""H"": ""site3""}","B5H4|MoB2-Ru-B01|001|{""H"": ""site3""}",True,B5H4,MoB2-Ru-B01,001,site3,-0.32144388861390505,0.7420640834128903,0.32144388861390505,ExtraTrees,matminer_magpie_plus_handcrafted_surface_site,0.2597755987060739,0.4751750932464166,0.47161655211507225,9481,220
"Mo3O|MoB2-Re-B01|001|{""H"": ""site1""}",Mo3O,MoB2-Re-B01,1,"{""H"": ""site1""}","Mo3O|MoB2-Re-B01|001|{""H"": ""site1""}",True,Mo3O,MoB2-Re-B01,001,site1,-0.3252404913685536,0.6423932103005267,0.3252404913685536,ExtraTrees,matminer_magpie_plus_handcrafted_surface_site,0.2597755987060739,0.4751750932464166,0.47161655211507225,9481,220
"BH|MoB2-W-B02|001|{""H"": ""site10""}",BH,MoB2-W-B02,1,"{""H"": ""site10""}","BH|MoB2-W-B02|001|{""H"": ""site10""}",True,BH,MoB2-W-B02,001,site10,-0.3326281762045302,0.7460829750619983,0.3326281762045302,ExtraTrees,matminer_magpie_plus_handcrafted_surface_site,0.2597755987060739,0.4751750932464166,0.47161655211507225,9481,220
"B6Pd11Ru7|Os3Cr|111|{""H"": ""hollow|A_A_B|HCP""}",B6Pd11Ru7,Os3Cr,111,"{""H"": ""hollow|A_A_B|HCP""}","B6Pd11Ru7|Os3Cr|111|{""H"": ""hollow|A_A_B|HCP""}",True,B6Pd11Ru7,Os3Cr,111,hollow|A_A_B|HCP,-0.3329832779287015,0.43273784686120026,0.3329832779287015,ExtraTrees,matminer_magpie_plus_handcrafted_surface_site,0.2597755987060739,0.4751750932464166,0.47161655211507225,9481,220
"Cu11Fe7|MoB2-Hf-B03|001|{""H"": ""site8""}",Cu11Fe7,MoB2-Hf-B03,1,"{""H"": ""site8""}","Cu11Fe7|MoB2-Hf-B03|001|{""H"": ""site8""}",True,Cu11Fe7,MoB2-Hf-B03,001,site8,-0.3359546919749233,0.47874728789887183,0.3359546919749233,ExtraTrees,matminer_magpie_plus_handcrafted_surface_site,0.2597755987060739,0.4751750932464166,0.47161655211507225,9481,220
"B5Hg6Mo6Ru7|LaNb|101|{""H"": ""bridge|B_B|B""}",B5Hg6Mo6Ru7,LaNb,101,"{""H"": ""bridge|B_B|B""}","B5Hg6Mo6Ru7|LaNb|101|{""H"": ""bridge|B_B|B""}",True,B5Hg6Mo6Ru7,LaNb,101,bridge|B_B|B,-0.3371954550441785,0.6876524213218631,0.3371954550441785,ExtraTrees,matminer_magpie_plus_handcrafted_surface_site,0.2597755987060739,0.4751750932464166,0.47161655211507225,9481,220
"B3Bi5Ga3Mo8|MoB2-Zr-B03|001|{""H"": ""site2""}",B3Bi5Ga3Mo8,MoB2-Zr-B03,1,"{""H"": ""site2""}","B3Bi5Ga3Mo8|MoB2-Zr-B03|001|{""H"": ""site2""}",True,B3Bi5Ga3Mo8,MoB2-Zr-B03,001,site2,-0.339558748190299,0.6021023614214781,0.339558748190299,ExtraTrees,matminer_magpie_plus_handcrafted_surface_site,0.2597755987060739,0.4751750932464166,0.47161655211507225,9481,220
"BCrCuPd|FeTa|101|{""H"": ""bridge|A_A|B""}",BCrCuPd,FeTa,101,"{""H"": ""bridge|A_A|B""}","BCrCuPd|FeTa|101|{""H"": ""bridge|A_A|B""}",True,BCrCuPd,FeTa,101,bridge|A_A|B,-0.34113730646886836,0.712137259458472,0.34113730646886836,ExtraTrees,matminer_magpie_plus_handcrafted_surface_site,0.2597755987060739,0.4751750932464166,0.47161655211507225,9481,220
"B19FeH2Mo2|PbSc|101|{""H"": ""top-tilt|B""}",B19FeH2Mo2,PbSc,101,"{""H"": ""top-tilt|B""}","B19FeH2Mo2|PbSc|101|{""H"": ""top-tilt|B""}",True,B19FeH2Mo2,PbSc,101,top-tilt|B,0.3419871331629749,0.4424721321898091,0.3419871331629749,ExtraTrees,matminer_magpie_plus_handcrafted_surface_site,0.2597755987060739,0.4751750932464166,0.47161655211507225,9481,220
"B12Ti7|TlY|101|{""H"": ""top|B""}",B12Ti7,TlY,101,"{""H"": ""top|B""}","B12Ti7|TlY|101|{""H"": ""top|B""}",True,B12Ti7,TlY,101,top|B,0.3431424695894756,0.42184952092027717,0.3431424695894756,ExtraTrees,matminer_magpie_plus_handcrafted_surface_site,0.2597755987060739,0.4751750932464166,0.47161655211507225,9481,220
"B17H|PbZr|101|{""H"": ""bridge|B_B|A""}",B17H,PbZr,101,"{""H"": ""bridge|B_B|A""}","B17H|PbZr|101|{""H"": ""bridge|B_B|A""}",True,B17H,PbZr,101,bridge|B_B|A,-0.3436160743838223,0.6942485889041248,0.3436160743838223,ExtraTrees,matminer_magpie_plus_handcrafted_surface_site,0.2597755987060739,0.4751750932464166,0.47161655211507225,9481,220
"Fe7Os4Pd8Ti5|Fe3Al|111|{""H"": ""hollow|A_A_A|HCP""}",Fe7Os4Pd8Ti5,Fe3Al,111,"{""H"": ""hollow|A_A_A|HCP""}","Fe7Os4Pd8Ti5|Fe3Al|111|{""H"": ""hollow|A_A_A|HCP""}",True,Fe7Os4Pd8Ti5,Fe3Al,111,hollow|A_A_A|HCP,-0.3461528542245686,0.5820482040157704,0.3461528542245686,ExtraTrees,matminer_magpie_plus_handcrafted_surface_site,0.2597755987060739,0.4751750932464166,0.47161655211507225,9481,220
"B2GaY|MoB2-W-B02|001|{""H"": ""site6""}",B2GaY,MoB2-W-B02,1,"{""H"": ""site6""}","B2GaY|MoB2-W-B02|001|{""H"": ""site6""}",True,B2GaY,MoB2-W-B02,001,site6,-0.35052349236667235,0.7146453239049654,0.35052349236667235,ExtraTrees,matminer_magpie_plus_handcrafted_surface_site,0.2597755987060739,0.4751750932464166,0.47161655211507225,9481,220
"B11H13|CrTc|101|{""H"": ""top|A""}",B11H13,CrTc,101,"{""H"": ""top|A""}","B11H13|CrTc|101|{""H"": ""top|A""}",True,B11H13,CrTc,101,top|A,0.3538720604489361,0.6162939367180286,0.3538720604489361,ExtraTrees,matminer_magpie_plus_handcrafted_surface_site,0.2597755987060739,0.4751750932464166,0.47161655211507225,9481,220
"B2V|NbV|101|{""H"": ""hollow|A_A_B|FCC""}",B2V,NbV,101,"{""H"": ""hollow|A_A_B|FCC""}","B2V|NbV|101|{""H"": ""hollow|A_A_B|FCC""}",True,B2V,NbV,101,hollow|A_A_B|FCC,-0.3567697065751213,0.5019748864199801,0.3567697065751213,ExtraTrees,matminer_magpie_plus_handcrafted_surface_site,0.2597755987060739,0.4751750932464166,0.47161655211507225,9481,220
"InMoWZn|V-CO|001|{""H"": ""site1""}",InMoWZn,V-CO,1,"{""H"": ""site1""}","InMoWZn|V-CO|001|{""H"": ""site1""}",True,InMoWZn,V-CO,001,site1,-0.35858541168263547,0.7892271428247195,0.35858541168263547,ExtraTrees,matminer_magpie_plus_handcrafted_surface_site,0.2597755987060739,0.4751750932464166,0.47161655211507225,9481,220
"B15PdRe|MoB2-Ru-B02|001|{""H"": ""site6""}",B15PdRe,MoB2-Ru-B02,1,"{""H"": ""site6""}","B15PdRe|MoB2-Ru-B02|001|{""H"": ""site6""}",True,B15PdRe,MoB2-Ru-B02,001,site6,-0.35932084015674043,0.6868834896078856,0.35932084015674043,ExtraTrees,matminer_magpie_plus_handcrafted_surface_site,0.2597755987060739,0.4751750932464166,0.47161655211507225,9481,220
"B20H2MoTi|LaNb|101|{""H"": ""bridge|B_B|B""}",B20H2MoTi,LaNb,101,"{""H"": ""bridge|B_B|B""}","B20H2MoTi|LaNb|101|{""H"": ""bridge|B_B|B""}",True,B20H2MoTi,LaNb,101,bridge|B_B|B,-0.3647707986780695,0.725166127550532,0.3647707986780695,ExtraTrees,matminer_magpie_plus_handcrafted_surface_site,0.2597755987060739,0.4751750932464166,0.47161655211507225,9481,220
"B13Cr7Zr4|MoB2-Nb-B00|001|{""H"": ""site4""}",B13Cr7Zr4,MoB2-Nb-B00,1,"{""H"": ""site4""}","B13Cr7Zr4|MoB2-Nb-B00|001|{""H"": ""site4""}",True,B13Cr7Zr4,MoB2-Nb-B00,001,site4,-0.36565421610590493,0.567974033174288,0.36565421610590493,ExtraTrees,matminer_magpie_plus_handcrafted_surface_site,0.2597755987060739,0.4751750932464166,0.47161655211507225,9481,220
"Re7Zn5|Ga3Zr|111|{""H"": ""hollow|A_A_B|FCC""}",Re7Zn5,Ga3Zr,111,"{""H"": ""hollow|A_A_B|FCC""}","Re7Zn5|Ga3Zr|111|{""H"": ""hollow|A_A_B|FCC""}",True,Re7Zn5,Ga3Zr,111,hollow|A_A_B|FCC,-0.365931094593761,0.2675957398540322,0.365931094593761,ExtraTrees,matminer_magpie_plus_handcrafted_surface_site,0.2597755987060739,0.4751750932464166,0.47161655211507225,9481,220
"B8Cr5Mo2Tc3|MoB2-Os-B01|001|{""H"": ""site3""}",B8Cr5Mo2Tc3,MoB2-Os-B01,1,"{""H"": ""site3""}","B8Cr5Mo2Tc3|MoB2-Os-B01|001|{""H"": ""site3""}",True,B8Cr5Mo2Tc3,MoB2-Os-B01,001,site3,-0.3662460814667346,0.5101805924508317,0.3662460814667346,ExtraTrees,matminer_magpie_plus_handcrafted_surface_site,0.2597755987060739,0.4751750932464166,0.47161655211507225,9481,220
"B3Ti|Ti-Cl|001|{""H"": ""site1""}",B3Ti,Ti-Cl,1,"{""H"": ""site1""}","B3Ti|Ti-Cl|001|{""H"": ""site1""}",True,B3Ti,Ti-Cl,001,site1,-0.3662734573946684,0.32126878109770945,0.3662734573946684,ExtraTrees,matminer_magpie_plus_handcrafted_surface_site,0.2597755987060739,0.4751750932464166,0.47161655211507225,9481,220
"B3Y|CrTl|101|{""H"": ""top|B""}",B3Y,CrTl,101,"{""H"": ""top|B""}","B3Y|CrTl|101|{""H"": ""top|B""}",True,B3Y,CrTl,101,top|B,0.36674670066279447,0.44677774521759295,0.36674670066279447,ExtraTrees,matminer_magpie_plus_handcrafted_surface_site,0.2597755987060739,0.4751750932464166,0.47161655211507225,9481,220
"B14Pd3|MoB2-Os-B01|001|{""H"": ""site6""}",B14Pd3,MoB2-Os-B01,1,"{""H"": ""site6""}","B14Pd3|MoB2-Os-B01|001|{""H"": ""site6""}",True,B14Pd3,MoB2-Os-B01,001,site6,-0.36785522574569485,0.6994583038633707,0.36785522574569485,ExtraTrees,matminer_magpie_plus_handcrafted_surface_site,0.2597755987060739,0.4751750932464166,0.47161655211507225,9481,220
"B2GaH|SnTc|101|{""H"": ""top|B""}",B2GaH,SnTc,101,"{""H"": ""top|B""}","B2GaH|SnTc|101|{""H"": ""top|B""}",True,B2GaH,SnTc,101,top|B,0.3712310368726016,0.4700292255968737,0.3712310368726016,ExtraTrees,matminer_magpie_plus_handcrafted_surface_site,0.2597755987060739,0.4751750932464166,0.47161655211507225,9481,220
"BGaH|Ti-imidazole|001|{""H"": ""site1""}",BGaH,Ti-imidazole,1,"{""H"": ""site1""}","BGaH|Ti-imidazole|001|{""H"": ""site1""}",True,BGaH,Ti-imidazole,001,site1,-0.37164586524587023,0.798335599251997,0.37164586524587023,ExtraTrees,matminer_magpie_plus_handcrafted_surface_site,0.2597755987060739,0.4751750932464166,0.47161655211507225,9481,220
"B11Pd|MoB2-Zr-B03|001|{""H"": ""site6""}",B11Pd,MoB2-Zr-B03,1,"{""H"": ""site6""}","B11Pd|MoB2-Zr-B03|001|{""H"": ""site6""}",True,B11Pd,MoB2-Zr-B03,001,site6,-0.37408980947602927,0.7190566146943365,0.37408980947602927,ExtraTrees,matminer_magpie_plus_handcrafted_surface_site,0.2597755987060739,0.4751750932464166,0.47161655211507225,9481,220
"BPd2Ru|MoB2-Ru-B01|001|{""H"": ""site6""}",BPd2Ru,MoB2-Ru-B01,1,"{""H"": ""site6""}","BPd2Ru|MoB2-Ru-B01|001|{""H"": ""site6""}",True,BPd2Ru,MoB2-Ru-B01,001,site6,-0.3747416944204872,0.5115715683377892,0.3747416944204872,ExtraTrees,matminer_magpie_plus_handcrafted_surface_site,0.2597755987060739,0.4751750932464166,0.47161655211507225,9481,220
"B19Mo5|PdV|101|{""H"": ""hollow|A_B_B|FCC""}",B19Mo5,PdV,101,"{""H"": ""hollow|A_B_B|FCC""}","B19Mo5|PdV|101|{""H"": ""hollow|A_B_B|FCC""}",True,B19Mo5,PdV,101,hollow|A_B_B|FCC,-0.38053065049532075,0.5686483764211391,0.38053065049532075,ExtraTrees,matminer_magpie_plus_handcrafted_surface_site,0.2597755987060739,0.4751750932464166,0.47161655211507225,9481,220
"MoPd|Ga3Ta|111|{""H"": ""hollow|A_A_A|HCP""}",MoPd,Ga3Ta,111,"{""H"": ""hollow|A_A_A|HCP""}","MoPd|Ga3Ta|111|{""H"": ""hollow|A_A_A|HCP""}",True,MoPd,Ga3Ta,111,hollow|A_A_A|HCP,-0.3806721949885493,0.3207228356724079,0.3806721949885493,ExtraTrees,matminer_magpie_plus_handcrafted_surface_site,0.2597755987060739,0.4751750932464166,0.47161655211507225,9481,220
"B3Mo|MoB2-W-B02|001|{""H"": ""site11""}",B3Mo,MoB2-W-B02,1,"{""H"": ""site11""}","B3Mo|MoB2-W-B02|001|{""H"": ""site11""}",True,B3Mo,MoB2-W-B02,001,site11,-0.38142869672195073,0.6651645845520079,0.38142869672195073,ExtraTrees,matminer_magpie_plus_handcrafted_surface_site,0.2597755987060739,0.4751750932464166,0.47161655211507225,9481,220
"MoPb|MoB2-Re-B02|001|{""H"": ""site7""}",MoPb,MoB2-Re-B02,1,"{""H"": ""site7""}","MoPb|MoB2-Re-B02|001|{""H"": ""site7""}",True,MoPb,MoB2-Re-B02,001,site7,-0.3853075661802137,0.49955162768822375,0.3853075661802137,ExtraTrees,matminer_magpie_plus_handcrafted_surface_site,0.2597755987060739,0.4751750932464166,0.47161655211507225,9481,220
"B11H10|Cr-dimethylamine|001|{""H"": ""site1""}",B11H10,Cr-dimethylamine,1,"{""H"": ""site1""}","B11H10|Cr-dimethylamine|001|{""H"": ""site1""}",True,B11H10,Cr-dimethylamine,001,site1,-0.3863622748327213,0.7269472785547105,0.3863622748327213,ExtraTrees,matminer_magpie_plus_handcrafted_surface_site,0.2597755987060739,0.4751750932464166,0.47161655211507225,9481,220
"CuFePd2|MoB2-W-B02|001|{""H"": ""site6""}",CuFePd2,MoB2-W-B02,1,"{""H"": ""site6""}","CuFePd2|MoB2-W-B02|001|{""H"": ""site6""}",True,CuFePd2,MoB2-W-B02,001,site6,-0.3864961107182945,0.5086150078807136,0.3864961107182945,ExtraTrees,matminer_magpie_plus_handcrafted_surface_site,0.2597755987060739,0.4751750932464166,0.47161655211507225,9481,220
"Bi5Hg3Mo8Zr3|Tc-imidazole|001|{""H"": ""site1""}",Bi5Hg3Mo8Zr3,Tc-imidazole,1,"{""H"": ""site1""}","Bi5Hg3Mo8Zr3|Tc-imidazole|001|{""H"": ""site1""}",True,Bi5Hg3Mo8Zr3,Tc-imidazole,001,site1,-0.3868902787296867,0.5854978925282793,0.3868902787296867,ExtraTrees,matminer_magpie_plus_handcrafted_surface_site,0.2597755987060739,0.4751750932464166,0.47161655211507225,9481,220
"MoRu|Ag3Bi|111|{""H"": ""hollow|A_A_A|HCP""}",MoRu,Ag3Bi,111,"{""H"": ""hollow|A_A_A|HCP""}","MoRu|Ag3Bi|111|{""H"": ""hollow|A_A_A|HCP""}",True,MoRu,Ag3Bi,111,hollow|A_A_A|HCP,-0.3900181579384922,0.4009022433665347,0.3900181579384922,ExtraTrees,matminer_magpie_plus_handcrafted_surface_site,0.2597755987060739,0.4751750932464166,0.47161655211507225,9481,220
"Re13Zn11|Ga3Zr|111|{""H"": ""hollow|A_A_B|FCC""}",Re13Zn11,Ga3Zr,111,"{""H"": ""hollow|A_A_B|FCC""}","Re13Zn11|Ga3Zr|111|{""H"": ""hollow|A_A_B|FCC""}",True,Re13Zn11,Ga3Zr,111,hollow|A_A_B|FCC,-0.3925344869389276,0.30558008315142654,0.3925344869389276,ExtraTrees,matminer_magpie_plus_handcrafted_surface_site,0.2597755987060739,0.4751750932464166,0.47161655211507225,9481,220
"B5CuH2|MoB2-Fe-B00|001|{""H"": ""site6""}",B5CuH2,MoB2-Fe-B00,1,"{""H"": ""site6""}","B5CuH2|MoB2-Fe-B00|001|{""H"": ""site6""}",True,B5CuH2,MoB2-Fe-B00,001,site6,-0.3934851902521229,0.7875872639318803,0.3934851902521229,ExtraTrees,matminer_magpie_plus_handcrafted_surface_site,0.2597755987060739,0.4751750932464166,0.47161655211507225,9481,220
"BiMo3|MoB2-Ru-B02|001|{""H"": ""site3""}",BiMo3,MoB2-Ru-B02,1,"{""H"": ""site3""}","BiMo3|MoB2-Ru-B02|001|{""H"": ""site3""}",True,BiMo3,MoB2-Ru-B02,001,site3,-0.3981143127464953,0.5136108816837138,0.3981143127464953,ExtraTrees,matminer_magpie_plus_handcrafted_surface_site,0.2597755987060739,0.4751750932464166,0.47161655211507225,9481,220
"B11H|MoB2-Re-B01|001|{""H"": ""site1""}",B11H,MoB2-Re-B01,1,"{""H"": ""site1""}","B11H|MoB2-Re-B01|001|{""H"": ""site1""}",True,B11H,MoB2-Re-B01,001,site1,-0.39858502380246397,0.7283333182152671,0.39858502380246397,ExtraTrees,matminer_magpie_plus_handcrafted_surface_site,0.2597755987060739,0.4751750932464166,0.47161655211507225,9481,220
"Y9Zn8|LaNb|101|{""H"": ""top-tilt|A""}",Y9Zn8,LaNb,101,"{""H"": ""top-tilt|A""}","Y9Zn8|LaNb|101|{""H"": ""top-tilt|A""}",True,Y9Zn8,LaNb,101,top-tilt|A,0.3991133053827425,0.3131634520446446,0.3991133053827425,ExtraTrees,matminer_magpie_plus_handcrafted_surface_site,0.2597755987060739,0.4751750932464166,0.47161655211507225,9481,220
"OsRe|GaV|101|{""H"": ""hollow-tilt|A_A_B|HCP""}",OsRe,GaV,101,"{""H"": ""hollow-tilt|A_A_B|HCP""}","OsRe|GaV|101|{""H"": ""hollow-tilt|A_A_B|HCP""}",True,OsRe,GaV,101,hollow-tilt|A_A_B|HCP,-0.40558685666104827,0.31463454659301765,0.40558685666104827,ExtraTrees,matminer_magpie_plus_handcrafted_surface_site,0.2597755987060739,0.4751750932464166,0.47161655211507225,9481,220
"B7Cr9Ga3Pd5|Pb3Rh|111|{""H"": ""hollow|A_A_A|HCP""}",B7Cr9Ga3Pd5,Pb3Rh,111,"{""H"": ""hollow|A_A_A|HCP""}","B7Cr9Ga3Pd5|Pb3Rh|111|{""H"": ""hollow|A_A_A|HCP""}",True,B7Cr9Ga3Pd5,Pb3Rh,111,hollow|A_A_A|HCP,-0.4117710752147877,0.5778529184640889,0.4117710752147877,ExtraTrees,matminer_magpie_plus_handcrafted_surface_site,0.2597755987060739,0.4751750932464166,0.47161655211507225,9481,220
"FeOs|MoB2-W-B02|001|{""H"": ""site4""}",FeOs,MoB2-W-B02,1,"{""H"": ""site4""}","FeOs|MoB2-W-B02|001|{""H"": ""site4""}",True,FeOs,MoB2-W-B02,001,site4,-0.4183517059206736,0.43506800218903874,0.4183517059206736,ExtraTrees,matminer_magpie_plus_handcrafted_surface_site,0.2597755987060739,0.4751750932464166,0.47161655211507225,9481,220
"B3Fe|ReZr|101|{""H"": ""hollow|A_B_B|FCC""}",B3Fe,ReZr,101,"{""H"": ""hollow|A_B_B|FCC""}","B3Fe|ReZr|101|{""H"": ""hollow|A_B_B|FCC""}",True,B3Fe,ReZr,101,hollow|A_B_B|FCC,-0.41946226951409427,0.6611631040963756,0.41946226951409427,ExtraTrees,matminer_magpie_plus_handcrafted_surface_site,0.2597755987060739,0.4751750932464166,0.47161655211507225,9481,220
"CMoPd|Tc-PH3|001|{""H"": ""site1""}",CMoPd,Tc-PH3,1,"{""H"": ""site1""}","CMoPd|Tc-PH3|001|{""H"": ""site1""}",True,CMoPd,Tc-PH3,001,site1,-0.4194663804671363,0.6723423370209557,0.4194663804671363,ExtraTrees,matminer_magpie_plus_handcrafted_surface_site,0.2597755987060739,0.4751750932464166,0.47161655211507225,9481,220
"B15Cu5H4|MoB2-Fe-B02|001|{""H"": ""site7""}",B15Cu5H4,MoB2-Fe-B02,1,"{""H"": ""site7""}","B15Cu5H4|MoB2-Fe-B02|001|{""H"": ""site7""}",True,B15Cu5H4,MoB2-Fe-B02,001,site7,-0.4200526555104149,0.7503023083665068,0.4200526555104149,ExtraTrees,matminer_magpie_plus_handcrafted_surface_site,0.2597755987060739,0.4751750932464166,0.47161655211507225,9481,220
"MoZn|MoB2-Fe-B02|001|{""H"": ""site11""}",MoZn,MoB2-Fe-B02,1,"{""H"": ""site11""}","MoZn|MoB2-Fe-B02|001|{""H"": ""site11""}",True,MoZn,MoB2-Fe-B02,001,site11,-0.4210377513559718,0.5083236870620168,0.4210377513559718,ExtraTrees,matminer_magpie_plus_handcrafted_surface_site,0.2597755987060739,0.4751750932464166,0.47161655211507225,9481,220
"B19H5|Cr-Br|001|{""H"": ""site1""}",B19H5,Cr-Br,1,"{""H"": ""site1""}","B19H5|Cr-Br|001|{""H"": ""site1""}",True,B19H5,Cr-Br,001,site1,-0.4374778248153373,0.7199274297179823,0.4374778248153373,ExtraTrees,matminer_magpie_plus_handcrafted_surface_site,0.2597755987060739,0.4751750932464166,0.47161655211507225,9481,220
"HgMo2|Tl3Hg|111|{""H"": ""hollow|A_A_B|HCP""}",HgMo2,Tl3Hg,111,"{""H"": ""hollow|A_A_B|HCP""}","HgMo2|Tl3Hg|111|{""H"": ""hollow|A_A_B|HCP""}",True,HgMo2,Tl3Hg,111,hollow|A_A_B|HCP,-0.43750021691148716,0.5515763766533093,0.43750021691148716,ExtraTrees,matminer_magpie_plus_handcrafted_surface_site,0.2597755987060739,0.4751750932464166,0.47161655211507225,9481,220
"B5Pd|Ti-PH3|001|{""H"": ""site1""}",B5Pd,Ti-PH3,1,"{""H"": ""site1""}","B5Pd|Ti-PH3|001|{""H"": ""site1""}",True,B5Pd,Ti-PH3,001,site1,-0.43842318309541684,0.6948876672316988,0.43842318309541684,ExtraTrees,matminer_magpie_plus_handcrafted_surface_site,0.2597755987060739,0.4751750932464166,0.47161655211507225,9481,220
"ReZn2|MoB2-Re-B02|001|{""H"": ""site1""}",ReZn2,MoB2-Re-B02,1,"{""H"": ""site1""}","ReZn2|MoB2-Re-B02|001|{""H"": ""site1""}",True,ReZn2,MoB2-Re-B02,001,site1,-0.43937070020893887,0.5075891805639494,0.43937070020893887,ExtraTrees,matminer_magpie_plus_handcrafted_surface_site,0.2597755987060739,0.4751750932464166,0.47161655211507225,9481,220
"BIn2Mo|Re3Sc|111|{""H"": ""hollow|A_A_A|FCC""}",BIn2Mo,Re3Sc,111,"{""H"": ""hollow|A_A_A|FCC""}","BIn2Mo|Re3Sc|111|{""H"": ""hollow|A_A_A|FCC""}",True,BIn2Mo,Re3Sc,111,hollow|A_A_A|FCC,0.4395085744867028,0.6576790912007167,0.4395085744867028,ExtraTrees,matminer_magpie_plus_handcrafted_surface_site,0.2597755987060739,0.4751750932464166,0.47161655211507225,9481,220
"BiMo2|MoB2-Fe-B02|001|{""H"": ""site7""}",BiMo2,MoB2-Fe-B02,1,"{""H"": ""site7""}","BiMo2|MoB2-Fe-B02|001|{""H"": ""site7""}",True,BiMo2,MoB2-Fe-B02,001,site7,-0.44706627301649354,0.49970265787972684,0.44706627301649354,ExtraTrees,matminer_magpie_plus_handcrafted_surface_site,0.2597755987060739,0.4751750932464166,0.47161655211507225,9481,220
"B14MoPbRe|MoB2-Ru-B01|001|{""H"": ""site8""}",B14MoPbRe,MoB2-Ru-B01,1,"{""H"": ""site8""}","B14MoPbRe|MoB2-Ru-B01|001|{""H"": ""site8""}",True,B14MoPbRe,MoB2-Ru-B01,001,site8,-0.45118572737658036,0.6077597005241326,0.45118572737658036,ExtraTrees,matminer_magpie_plus_handcrafted_surface_site,0.2597755987060739,0.4751750932464166,0.47161655211507225,9481,220
"B8H|Cr-F|001|{""H"": ""site1""}",B8H,Cr-F,1,"{""H"": ""site1""}","B8H|Cr-F|001|{""H"": ""site1""}",True,B8H,Cr-F,001,site1,-0.45189020497319893,0.7250177523758631,0.45189020497319893,ExtraTrees,matminer_magpie_plus_handcrafted_surface_site,0.2597755987060739,0.4751750932464166,0.47161655211507225,9481,220
"BCrPdZr|MoB2-Zr-B03|001|{""H"": ""site6""}",BCrPdZr,MoB2-Zr-B03,1,"{""H"": ""site6""}","BCrPdZr|MoB2-Zr-B03|001|{""H"": ""site6""}",True,BCrPdZr,MoB2-Zr-B03,001,site6,-0.4524342691834295,0.6781640251857027,0.4524342691834295,ExtraTrees,matminer_magpie_plus_handcrafted_surface_site,0.2597755987060739,0.4751750932464166,0.47161655211507225,9481,220
"B3H2V2|Ti-methylamine|001|{""H"": ""site1""}",B3H2V2,Ti-methylamine,1,"{""H"": ""site1""}","B3H2V2|Ti-methylamine|001|{""H"": ""site1""}",True,B3H2V2,Ti-methylamine,001,site1,-0.4581268457032768,0.7284533878049272,0.4581268457032768,ExtraTrees,matminer_magpie_plus_handcrafted_surface_site,0.2597755987060739,0.4751750932464166,0.47161655211507225,9481,220
"ReZn|MoB2-Ru-B02|001|{""H"": ""site5""}",ReZn,MoB2-Ru-B02,1,"{""H"": ""site5""}","ReZn|MoB2-Ru-B02|001|{""H"": ""site5""}",True,ReZn,MoB2-Ru-B02,001,site5,-0.45917436424186403,0.5181126475934833,0.45917436424186403,ExtraTrees,matminer_magpie_plus_handcrafted_surface_site,0.2597755987060739,0.4751750932464166,0.47161655211507225,9481,220
"Pd2ZnZr|MoB2-Fe-B00|001|{""H"": ""site6""}",Pd2ZnZr,MoB2-Fe-B00,1,"{""H"": ""site6""}","Pd2ZnZr|MoB2-Fe-B00|001|{""H"": ""site6""}",True,Pd2ZnZr,MoB2-Fe-B00,001,site6,-0.46134199744028764,0.539665967903497,0.46134199744028764,ExtraTrees,matminer_magpie_plus_handcrafted_surface_site,0.2597755987060739,0.4751750932464166,0.47161655211507225,9481,220
"B3Ru|MoB2-Fe-B02|001|{""H"": ""site10""}",B3Ru,MoB2-Fe-B02,1,"{""H"": ""site10""}","B3Ru|MoB2-Fe-B02|001|{""H"": ""site10""}",True,B3Ru,MoB2-Fe-B02,001,site10,-0.4621863276068905,0.6515164928768965,0.4621863276068905,ExtraTrees,matminer_magpie_plus_handcrafted_surface_site,0.2597755987060739,0.4751750932464166,0.47161655211507225,9481,220
"HgMo2Pb|Cr3Hg|111|{""H"": ""hollow|A_A_A|HCP""}",HgMo2Pb,Cr3Hg,111,"{""H"": ""hollow|A_A_A|HCP""}","HgMo2Pb|Cr3Hg|111|{""H"": ""hollow|A_A_A|HCP""}",True,HgMo2Pb,Cr3Hg,111,hollow|A_A_A|HCP,-0.4649851981576112,0.5456495323832243,0.4649851981576112,ExtraTrees,matminer_magpie_plus_handcrafted_surface_site,0.2597755987060739,0.4751750932464166,0.47161655211507225,9481,220
"Cu5Mo4Pd3|MoB2-W-B02|001|{""H"": ""site1""}",Cu5Mo4Pd3,MoB2-W-B02,1,"{""H"": ""site1""}","Cu5Mo4Pd3|MoB2-W-B02|001|{""H"": ""site1""}",True,Cu5Mo4Pd3,MoB2-W-B02,001,site1,-0.46652551968441663,0.45560901999313747,0.46652551968441663,ExtraTrees,matminer_magpie_plus_handcrafted_surface_site,0.2597755987060739,0.4751750932464166,0.47161655211507225,9481,220
"B4Bi4Mo9Pb4|PdTa|101|{""H"": ""hollow|A_A_B|FCC""}",B4Bi4Mo9Pb4,PdTa,101,"{""H"": ""hollow|A_A_B|FCC""}","B4Bi4Mo9Pb4|PdTa|101|{""H"": ""hollow|A_A_B|FCC""}",True,B4Bi4Mo9Pb4,PdTa,101,hollow|A_A_B|FCC,-0.47062819985945986,0.5254669005132715,0.47062819985945986,ExtraTrees,matminer_magpie_plus_handcrafted_surface_site,0.2597755987060739,0.4751750932464166,0.47161655211507225,9481,220
"B9CrGaPd|MoB2-Re-B01|001|{""H"": ""site6""}",B9CrGaPd,MoB2-Re-B01,1,"{""H"": ""site6""}","B9CrGaPd|MoB2-Re-B01|001|{""H"": ""site6""}",True,B9CrGaPd,MoB2-Re-B01,001,site6,-0.4726128950053284,0.6870282631732998,0.4726128950053284,ExtraTrees,matminer_magpie_plus_handcrafted_surface_site,0.2597755987060739,0.4751750932464166,0.47161655211507225,9481,220
"B2Ru7|Ti-acetone|001|{""H"": ""site1""}",B2Ru7,Ti-acetone,1,"{""H"": ""site1""}","B2Ru7|Ti-acetone|001|{""H"": ""site1""}",True,B2Ru7,Ti-acetone,001,site1,-0.476443361712096,0.4726523600472525,0.476443361712096,ExtraTrees,matminer_magpie_plus_handcrafted_surface_site,0.2597755987060739,0.4751750932464166,0.47161655211507225,9481,220
"BV|MoB2-Re-B01|001|{""H"": ""site11""}",BV,MoB2-Re-B01,1,"{""H"": ""site11""}","BV|MoB2-Re-B01|001|{""H"": ""site11""}",True,BV,MoB2-Re-B01,001,site11,-0.4812853947355559,0.5609748264961053,0.4812853947355559,ExtraTrees,matminer_magpie_plus_handcrafted_surface_site,0.2597755987060739,0.4751750932464166,0.47161655211507225,9481,220
"BCr|MoB2-Os-B01|001|{""H"": ""site11""}",BCr,MoB2-Os-B01,1,"{""H"": ""site11""}","BCr|MoB2-Os-B01|001|{""H"": ""site11""}",True,BCr,MoB2-Os-B01,001,site11,-0.4888990590968754,0.5254529665580844,0.4888990590968754,ExtraTrees,matminer_magpie_plus_handcrafted_surface_site,0.2597755987060739,0.4751750932464166,0.47161655211507225,9481,220
"BC2Mo|Ti-empty|001|{""H"": ""site1""}",BC2Mo,Ti-empty,1,"{""H"": ""site1""}","BC2Mo|Ti-empty|001|{""H"": ""site1""}",True,BC2Mo,Ti-empty,001,site1,-0.4940094396295812,0.661548076554873,0.4940094396295812,ExtraTrees,matminer_magpie_plus_handcrafted_surface_site,0.2597755987060739,0.4751750932464166,0.47161655211507225,9481,220
"C3Mo7Pb5V3|MoB2-Os-B01|001|{""H"": ""site9""}",C3Mo7Pb5V3,MoB2-Os-B01,1,"{""H"": ""site9""}","C3Mo7Pb5V3|MoB2-Os-B01|001|{""H"": ""site9""}",True,C3Mo7Pb5V3,MoB2-Os-B01,001,site9,-0.4957246563757486,0.5354735391314766,0.4957246563757486,ExtraTrees,matminer_magpie_plus_handcrafted_surface_site,0.2597755987060739,0.4751750932464166,0.47161655211507225,9481,220
"BCuZr|MoB2-Zr-B03|001|{""H"": ""site14""}",BCuZr,MoB2-Zr-B03,1,"{""H"": ""site14""}","BCuZr|MoB2-Zr-B03|001|{""H"": ""site14""}",True,BCuZr,MoB2-Zr-B03,001,site14,-0.4961315995485605,0.6630992112870444,0.4961315995485605,ExtraTrees,matminer_magpie_plus_handcrafted_surface_site,0.2597755987060739,0.4751750932464166,0.47161655211507225,9481,220
"B2MoV|Cr-Cl|001|{""H"": ""site1""}",B2MoV,Cr-Cl,1,"{""H"": ""site1""}","B2MoV|Cr-Cl|001|{""H"": ""site1""}",True,B2MoV,Cr-Cl,001,site1,-0.4961841388217502,0.5984595138476805,0.4961841388217502,ExtraTrees,matminer_magpie_plus_handcrafted_surface_site,0.2597755987060739,0.4751750932464166,0.47161655211507225,9481,220
"B18FeHMo|MoB2-Ta-B01|001|{""H"": ""site3""}",B18FeHMo,MoB2-Ta-B01,1,"{""H"": ""site3""}","B18FeHMo|MoB2-Ta-B01|001|{""H"": ""site3""}",True,B18FeHMo,MoB2-Ta-B01,001,site3,-0.4989712199109089,0.6773089828106771,0.4989712199109089,ExtraTrees,matminer_magpie_plus_handcrafted_surface_site,0.2597755987060739,0.4751750932464166,0.47161655211507225,9481,220
CrMoWY|RuO2-lattice+1%|110|{},CrMoWY,RuO2-lattice+1%,110,{},CrMoWY|RuO2-lattice+1%|110|{},True,CrMoWY,RuO2-lattice+1%,110,unknown,-0.5026095792553812,0.5230157837860588,0.5026095792553812,ExtraTrees,matminer_magpie_plus_handcrafted_surface_site,0.2597755987060739,0.4751750932464166,0.47161655211507225,9481,220
MoW|TiN4C8|001|{},MoW,TiN4C8,1,{},MoW|TiN4C8|001|{},True,MoW,TiN4C8,001,unknown,-0.5277699803519224,0.4784607951366755,0.5277699803519224,ExtraTrees,matminer_magpie_plus_handcrafted_surface_site,0.2597755987060739,0.4751750932464166,0.47161655211507225,9481,220
"B10Cr7Ti7|MoB2-Ru-B01|001|{""H"": ""site3""}",B10Cr7Ti7,MoB2-Ru-B01,1,"{""H"": ""site3""}","B10Cr7Ti7|MoB2-Ru-B01|001|{""H"": ""site3""}",True,B10Cr7Ti7,MoB2-Ru-B01,001,site3,-0.528998252443692,0.5695794045549477,0.528998252443692,ExtraTrees,matminer_magpie_plus_handcrafted_surface_site,0.2597755987060739,0.4751750932464166,0.47161655211507225,9481,220
"BTi|V-CO|001|{""H"": ""site1""}",BTi,V-CO,1,"{""H"": ""site1""}","BTi|V-CO|001|{""H"": ""site1""}",True,BTi,V-CO,001,site1,-0.5295370601884352,0.38947290399492435,0.5295370601884352,ExtraTrees,matminer_magpie_plus_handcrafted_surface_site,0.2597755987060739,0.4751750932464166,0.47161655211507225,9481,220
"BMoPd2|V-empty|001|{""H"": ""site1""}",BMoPd2,V-empty,1,"{""H"": ""site1""}","BMoPd2|V-empty|001|{""H"": ""site1""}",True,BMoPd2,V-empty,001,site1,-0.5400902632099438,0.5606436972136093,0.5400902632099438,ExtraTrees,matminer_magpie_plus_handcrafted_surface_site,0.2597755987060739,0.4751750932464166,0.47161655211507225,9481,220
"B2Cr|MoB2-Ru-B01|001|{""H"": ""site7""}",B2Cr,MoB2-Ru-B01,1,"{""H"": ""site7""}","B2Cr|MoB2-Ru-B01|001|{""H"": ""site7""}",True,B2Cr,MoB2-Ru-B01,001,site7,-0.5621019603145287,0.5287296546613387,0.5621019603145287,ExtraTrees,matminer_magpie_plus_handcrafted_surface_site,0.2597755987060739,0.4751750932464166,0.47161655211507225,9481,220
"Mo7Zn5|Ru3Rh|111|{""H"": ""hollow|A_A_B|FCC""}",Mo7Zn5,Ru3Rh,111,"{""H"": ""hollow|A_A_B|FCC""}","Mo7Zn5|Ru3Rh|111|{""H"": ""hollow|A_A_B|FCC""}",True,Mo7Zn5,Ru3Rh,111,hollow|A_A_B|FCC,-0.5624007409820844,0.406433576687968,0.5624007409820844,ExtraTrees,matminer_magpie_plus_handcrafted_surface_site,0.2597755987060739,0.4751750932464166,0.47161655211507225,9481,220
"FeMo2|Zn3Pb|111|{""H"": ""hollow|A_A_A|FCC""}",FeMo2,Zn3Pb,111,"{""H"": ""hollow|A_A_A|FCC""}","FeMo2|Zn3Pb|111|{""H"": ""hollow|A_A_A|FCC""}",True,FeMo2,Zn3Pb,111,hollow|A_A_A|FCC,-0.5640051403724905,0.4778110311138027,0.5640051403724905,ExtraTrees,matminer_magpie_plus_handcrafted_surface_site,0.2597755987060739,0.4751750932464166,0.47161655211507225,9481,220
"B18BiHMo|MoB2-Ta-B01|001|{""H"": ""site10""}",B18BiHMo,MoB2-Ta-B01,1,"{""H"": ""site10""}","B18BiHMo|MoB2-Ta-B01|001|{""H"": ""site10""}",True,B18BiHMo,MoB2-Ta-B01,001,site10,-0.5680490016853476,0.6162678275293509,0.5680490016853476,ExtraTrees,matminer_magpie_plus_handcrafted_surface_site,0.2597755987060739,0.4751750932464166,0.47161655211507225,9481,220
"In8Ir7Mo9|Re3Ta|111|{""H"": ""hollow|A_A_B|FCC""}",In8Ir7Mo9,Re3Ta,111,"{""H"": ""hollow|A_A_B|FCC""}","In8Ir7Mo9|Re3Ta|111|{""H"": ""hollow|A_A_B|FCC""}",True,In8Ir7Mo9,Re3Ta,111,hollow|A_A_B|FCC,-0.5779589202738405,0.48482189053314884,0.5779589202738405,ExtraTrees,matminer_magpie_plus_handcrafted_surface_site,0.2597755987060739,0.4751750932464166,0.47161655211507225,9481,220
"Mo2Sn|MnW|101|{""H"": ""top|B""}",Mo2Sn,MnW,101,"{""H"": ""top|B""}","Mo2Sn|MnW|101|{""H"": ""top|B""}",True,Mo2Sn,MnW,101,top|B,0.5797843794913955,0.6261824145311924,0.5797843794913955,ExtraTrees,matminer_magpie_plus_handcrafted_surface_site,0.2597755987060739,0.4751750932464166,0.47161655211507225,9481,220
"B9HMoRu|Ti-HoneML|001|{""H"": ""site1""}",B9HMoRu,Ti-HoneML,1,"{""H"": ""site1""}","B9HMoRu|Ti-HoneML|001|{""H"": ""site1""}",True,B9HMoRu,Ti-HoneML,001,site1,-0.5930647466236579,0.6123672123098801,0.5930647466236579,ExtraTrees,matminer_magpie_plus_handcrafted_surface_site,0.2597755987060739,0.4751750932464166,0.47161655211507225,9481,220
"B7Re|HfTc|101|{""H"": ""bridge|B_B|A""}",B7Re,HfTc,101,"{""H"": ""bridge|B_B|A""}","B7Re|HfTc|101|{""H"": ""bridge|B_B|A""}",True,B7Re,HfTc,101,bridge|B_B|A,-0.5993138694325899,0.6101245495319414,0.5993138694325899,ExtraTrees,matminer_magpie_plus_handcrafted_surface_site,0.2597755987060739,0.4751750932464166,0.47161655211507225,9481,220
"BCrTiZn|Ti-pyridine|001|{""H"": ""site1""}",BCrTiZn,Ti-pyridine,1,"{""H"": ""site1""}","BCrTiZn|Ti-pyridine|001|{""H"": ""site1""}",True,BCrTiZn,Ti-pyridine,001,site1,-0.5993828129932648,0.6879095781351946,0.5993828129932648,ExtraTrees,matminer_magpie_plus_handcrafted_surface_site,0.2597755987060739,0.4751750932464166,0.47161655211507225,9481,220
"B7Ga4Mo9Ru4|LaNb|101|{""H"": ""hollow-tilt|A_A_B|HCP""}",B7Ga4Mo9Ru4,LaNb,101,"{""H"": ""hollow-tilt|A_A_B|HCP""}","B7Ga4Mo9Ru4|LaNb|101|{""H"": ""hollow-tilt|A_A_B|HCP""}",True,B7Ga4Mo9Ru4,LaNb,101,hollow-tilt|A_A_B|HCP,-0.6100195050511055,0.5326255470943669,0.6100195050511055,ExtraTrees,matminer_magpie_plus_handcrafted_surface_site,0.2597755987060739,0.4751750932464166,0.47161655211507225,9481,220
"In5Mo8Re2Ru3|Al3W|111|{""H"": ""hollow|A_A_A|HCP""}",In5Mo8Re2Ru3,Al3W,111,"{""H"": ""hollow|A_A_A|HCP""}","In5Mo8Re2Ru3|Al3W|111|{""H"": ""hollow|A_A_A|HCP""}",True,In5Mo8Re2Ru3,Al3W,111,hollow|A_A_A|HCP,-0.6130875297730083,0.4862740798120323,0.6130875297730083,ExtraTrees,matminer_magpie_plus_handcrafted_surface_site,0.2597755987060739,0.4751750932464166,0.47161655211507225,9481,220
"B3Cr|MoB2-Os-B01|001|{""H"": ""site9""}",B3Cr,MoB2-Os-B01,1,"{""H"": ""site9""}","B3Cr|MoB2-Os-B01|001|{""H"": ""site9""}",True,B3Cr,MoB2-Os-B01,001,site9,-0.6140498590191785,0.6815418601988341,0.6140498590191785,ExtraTrees,matminer_magpie_plus_handcrafted_surface_site,0.2597755987060739,0.4751750932464166,0.47161655211507225,9481,220
"MoRe2|MoB2-Hf-B03|001|{""H"": ""site9""}",MoRe2,MoB2-Hf-B03,1,"{""H"": ""site9""}","MoRe2|MoB2-Hf-B03|001|{""H"": ""site9""}",True,MoRe2,MoB2-Hf-B03,001,site9,-0.6224338638381396,0.20379410302872852,0.6224338638381396,ExtraTrees,matminer_magpie_plus_handcrafted_surface_site,0.2597755987060739,0.4751750932464166,0.47161655211507225,9481,220
"MoRe2Y|MoB2-Re-B01|001|{""H"": ""site9""}",MoRe2Y,MoB2-Re-B01,1,"{""H"": ""site9""}","MoRe2Y|MoB2-Re-B01|001|{""H"": ""site9""}",True,MoRe2Y,MoB2-Re-B01,001,site9,-0.6349311308286535,0.3034921198803986,0.6349311308286535,ExtraTrees,matminer_magpie_plus_handcrafted_surface_site,0.2597755987060739,0.4751750932464166,0.47161655211507225,9481,220
"GaZn|Hg3Pb|111|{""H"": ""hollow|A_A_A|HCP""}",GaZn,Hg3Pb,111,"{""H"": ""hollow|A_A_A|HCP""}","GaZn|Hg3Pb|111|{""H"": ""hollow|A_A_A|HCP""}",True,GaZn,Hg3Pb,111,hollow|A_A_A|HCP,0.6421549868449711,0.1965209241128833,0.6421549868449711,ExtraTrees,matminer_magpie_plus_handcrafted_surface_site,0.2597755987060739,0.4751750932464166,0.47161655211507225,9481,220
"Cr4Fe5Pd7Ti5|Ti-NH3|001|{""H"": ""site1""}",Cr4Fe5Pd7Ti5,Ti-NH3,1,"{""H"": ""site1""}","Cr4Fe5Pd7Ti5|Ti-NH3|001|{""H"": ""site1""}",True,Cr4Fe5Pd7Ti5,Ti-NH3,001,site1,-0.6477525555400132,0.5922925166733827,0.6477525555400132,ExtraTrees,matminer_magpie_plus_handcrafted_surface_site,0.2597755987060739,0.4751750932464166,0.47161655211507225,9481,220
"Rh2Ti|V-Br|001|{""H"": ""site1""}",Rh2Ti,V-Br,1,"{""H"": ""site1""}","Rh2Ti|V-Br|001|{""H"": ""site1""}",True,Rh2Ti,V-Br,001,site1,-0.6574563140608075,0.35094041315903796,0.6574563140608075,ExtraTrees,matminer_magpie_plus_handcrafted_surface_site,0.2597755987060739,0.4751750932464166,0.47161655211507225,9481,220
"BMo2|V-empty|001|{""H"": ""site1""}",BMo2,V-empty,1,"{""H"": ""site1""}","BMo2|V-empty|001|{""H"": ""site1""}",True,BMo2,V-empty,001,site1,-0.6702407407059328,0.35625773733803956,0.6702407407059328,ExtraTrees,matminer_magpie_plus_handcrafted_surface_site,0.2597755987060739,0.4751750932464166,0.47161655211507225,9481,220
"Mo11W7|Cu3In|111|{""H"": ""hollow|A_A_A|FCC""}",Mo11W7,Cu3In,111,"{""H"": ""hollow|A_A_A|FCC""}","Mo11W7|Cu3In|111|{""H"": ""hollow|A_A_A|FCC""}",True,Mo11W7,Cu3In,111,hollow|A_A_A|FCC,-0.6710382225077649,0.4735821096488633,0.6710382225077649,ExtraTrees,matminer_magpie_plus_handcrafted_surface_site,0.2597755987060739,0.4751750932464166,0.47161655211507225,9481,220
"Mo10Re9|MoB2-Hf-B03|001|{""H"": ""site3""}",Mo10Re9,MoB2-Hf-B03,1,"{""H"": ""site3""}","Mo10Re9|MoB2-Hf-B03|001|{""H"": ""site3""}",True,Mo10Re9,MoB2-Hf-B03,001,site3,-0.6719058245977634,0.17167791769056281,0.6719058245977634,ExtraTrees,matminer_magpie_plus_handcrafted_surface_site,0.2597755987060739,0.4751750932464166,0.47161655211507225,9481,220
"Mo13Re11|MoB2-W-B02|001|{""H"": ""site14""}",Mo13Re11,MoB2-W-B02,1,"{""H"": ""site14""}","Mo13Re11|MoB2-W-B02|001|{""H"": ""site14""}",True,Mo13Re11,MoB2-W-B02,001,site14,-0.6752747308387883,0.17048856517335437,0.6752747308387883,ExtraTrees,matminer_magpie_plus_handcrafted_surface_site,0.2597755987060739,0.4751750932464166,0.47161655211507225,9481,220
"FeTi|MoB2-Fe-B02|001|{""H"": ""site6""}",FeTi,MoB2-Fe-B02,1,"{""H"": ""site6""}","FeTi|MoB2-Fe-B02|001|{""H"": ""site6""}",True,FeTi,MoB2-Fe-B02,001,site6,-0.6759998573176688,0.34160833296731313,0.6759998573176688,ExtraTrees,matminer_magpie_plus_handcrafted_surface_site,0.2597755987060739,0.4751750932464166,0.47161655211507225,9481,220
"C4V5|Ga3Zr|111|{""H"": ""hollow|A_A_A|FCC""}",C4V5,Ga3Zr,111,"{""H"": ""hollow|A_A_A|FCC""}","C4V5|Ga3Zr|111|{""H"": ""hollow|A_A_A|FCC""}",True,C4V5,Ga3Zr,111,hollow|A_A_A|FCC,-0.6943222281482042,0.45668692913879166,0.6943222281482042,ExtraTrees,matminer_magpie_plus_handcrafted_surface_site,0.2597755987060739,0.4751750932464166,0.47161655211507225,9481,220
"B6V9Zr4|MoB2-W-B02|001|{""H"": ""site3""}",B6V9Zr4,MoB2-W-B02,1,"{""H"": ""site3""}","B6V9Zr4|MoB2-W-B02|001|{""H"": ""site3""}",True,B6V9Zr4,MoB2-W-B02,001,site3,-0.6995467197505565,0.4442281576551875,0.6995467197505565,ExtraTrees,matminer_magpie_plus_handcrafted_surface_site,0.2597755987060739,0.4751750932464166,0.47161655211507225,9481,220
"Mo2Re|Cr-Br|001|{""H"": ""site1""}",Mo2Re,Cr-Br,1,"{""H"": ""site1""}","Mo2Re|Cr-Br|001|{""H"": ""site1""}",True,Mo2Re,Cr-Br,001,site1,-0.7018093958358251,0.18509538023607833,0.7018093958358251,ExtraTrees,matminer_magpie_plus_handcrafted_surface_site,0.2597755987060739,0.4751750932464166,0.47161655211507225,9481,220
"Mo2W|MoB2-Os-B01|001|{""H"": ""site3""}",Mo2W,MoB2-Os-B01,1,"{""H"": ""site3""}","Mo2W|MoB2-Os-B01|001|{""H"": ""site3""}",True,Mo2W,MoB2-Os-B01,001,site3,-0.7112163680730454,0.20018707900573277,0.7112163680730454,ExtraTrees,matminer_magpie_plus_handcrafted_surface_site,0.2597755987060739,0.4751750932464166,0.47161655211507225,9481,220
"Pt7Ti7V10|Tc-NH3|001|{""H"": ""site1""}",Pt7Ti7V10,Tc-NH3,1,"{""H"": ""site1""}","Pt7Ti7V10|Tc-NH3|001|{""H"": ""site1""}",True,Pt7Ti7V10,Tc-NH3,001,site1,-0.7198953048880722,0.2848592871998425,0.7198953048880722,ExtraTrees,matminer_magpie_plus_handcrafted_surface_site,0.2597755987060739,0.4751750932464166,0.47161655211507225,9481,220
"MoW2Y|MoB2-Nb-B00|001|{""H"": ""site1""}",MoW2Y,MoB2-Nb-B00,1,"{""H"": ""site1""}","MoW2Y|MoB2-Nb-B00|001|{""H"": ""site1""}",True,MoW2Y,MoB2-Nb-B00,001,site1,-0.7344514615991073,0.2386361388433731,0.7344514615991073,ExtraTrees,matminer_magpie_plus_handcrafted_surface_site,0.2597755987060739,0.4751750932464166,0.47161655211507225,9481,220
"CrMo3|MoB2-Ru-B03|001|{""H"": ""site2""}",CrMo3,MoB2-Ru-B03,1,"{""H"": ""site2""}","CrMo3|MoB2-Ru-B03|001|{""H"": ""site2""}",True,CrMo3,MoB2-Ru-B03,001,site2,-0.7369144608396241,0.1646445782537028,0.7369144608396241,ExtraTrees,matminer_magpie_plus_handcrafted_surface_site,0.2597755987060739,0.4751750932464166,0.47161655211507225,9481,220
"NbRe|PdV|101|{""H"": ""hollow|A_A_B|FCC""}",NbRe,PdV,101,"{""H"": ""hollow|A_A_B|FCC""}","NbRe|PdV|101|{""H"": ""hollow|A_A_B|FCC""}",True,NbRe,PdV,101,hollow|A_A_B|FCC,-0.7564333509389144,0.18116054614047578,0.7564333509389144,ExtraTrees,matminer_magpie_plus_handcrafted_surface_site,0.2597755987060739,0.4751750932464166,0.47161655211507225,9481,220
"B5Mo7Re4V5|NbV|101|{""H"": ""hollow|A_B_B|FCC""}",B5Mo7Re4V5,NbV,101,"{""H"": ""hollow|A_B_B|FCC""}","B5Mo7Re4V5|NbV|101|{""H"": ""hollow|A_B_B|FCC""}",True,B5Mo7Re4V5,NbV,101,hollow|A_B_B|FCC,-0.7649310100316736,0.355053282548232,0.7649310100316736,ExtraTrees,matminer_magpie_plus_handcrafted_surface_site,0.2597755987060739,0.4751750932464166,0.47161655211507225,9481,220
"Mo13W6|Ru3Zn|111|{""H"": ""hollow|A_A_A|FCC""}",Mo13W6,Ru3Zn,111,"{""H"": ""hollow|A_A_A|FCC""}","Mo13W6|Ru3Zn|111|{""H"": ""hollow|A_A_A|FCC""}",True,Mo13W6,Ru3Zn,111,hollow|A_A_A|FCC,-0.7894725342609462,0.3137377175024697,0.7894725342609462,ExtraTrees,matminer_magpie_plus_handcrafted_surface_site,0.2597755987060739,0.4751750932464166,0.47161655211507225,9481,220
"B7Mo4Ti8V5|Au3Ir|111|{""H"": ""hollow|A_A_A|FCC""}",B7Mo4Ti8V5,Au3Ir,111,"{""H"": ""hollow|A_A_A|FCC""}","B7Mo4Ti8V5|Au3Ir|111|{""H"": ""hollow|A_A_A|FCC""}",True,B7Mo4Ti8V5,Au3Ir,111,hollow|A_A_A|FCC,-0.7916167812043281,0.4812568186167822,0.7916167812043281,ExtraTrees,matminer_magpie_plus_handcrafted_surface_site,0.2597755987060739,0.4751750932464166,0.47161655211507225,9481,220
"B5Mo|MoB2-Ta-B01|001|{""H"": ""site3""}",B5Mo,MoB2-Ta-B01,1,"{""H"": ""site3""}","B5Mo|MoB2-Ta-B01|001|{""H"": ""site3""}",True,B5Mo,MoB2-Ta-B01,001,site3,-0.806573884782694,0.6184927678724734,0.806573884782694,ExtraTrees,matminer_magpie_plus_handcrafted_surface_site,0.2597755987060739,0.4751750932464166,0.47161655211507225,9481,220
"VZr2|V-CO|001|{""H"": ""site1""}",VZr2,V-CO,1,"{""H"": ""site1""}","VZr2|V-CO|001|{""H"": ""site1""}",True,VZr2,V-CO,001,site1,-0.8149747645995724,0.17975826465031947,0.8149747645995724,ExtraTrees,matminer_magpie_plus_handcrafted_surface_site,0.2597755987060739,0.4751750932464166,0.47161655211507225,9481,220
"MoV2|MoB2-Zr-B03|001|{""H"": ""site10""}",MoV2,MoB2-Zr-B03,1,"{""H"": ""site10""}","MoV2|MoB2-Zr-B03|001|{""H"": ""site10""}",True,MoV2,MoB2-Zr-B03,001,site10,-0.8370414481205012,0.2100425608588578,0.8370414481205012,ExtraTrees,matminer_magpie_plus_handcrafted_surface_site,0.2597755987060739,0.4751750932464166,0.47161655211507225,9481,220
"In5Mo7|CrTl|101|{""H"": ""top|A""}",In5Mo7,CrTl,101,"{""H"": ""top|A""}","In5Mo7|CrTl|101|{""H"": ""top|A""}",True,In5Mo7,CrTl,101,top|A,0.8405872866907592,0.5532656544357886,0.8405872866907592,ExtraTrees,matminer_magpie_plus_handcrafted_surface_site,0.2597755987060739,0.4751750932464166,0.47161655211507225,9481,220
"TiV|MoB2-Hf-B03|001|{""H"": ""site8""}",TiV,MoB2-Hf-B03,1,"{""H"": ""site8""}","TiV|MoB2-Hf-B03|001|{""H"": ""site8""}",True,TiV,MoB2-Hf-B03,001,site8,-0.8537094749669757,0.19639756793323662,0.8537094749669757,ExtraTrees,matminer_magpie_plus_handcrafted_surface_site,0.2597755987060739,0.4751750932464166,0.47161655211507225,9481,220
"B5Cr|MoB2-Re-B02|001|{""H"": ""site7""}",B5Cr,MoB2-Re-B02,1,"{""H"": ""site7""}","B5Cr|MoB2-Re-B02|001|{""H"": ""site7""}",True,B5Cr,MoB2-Re-B02,001,site7,-0.8557388363383825,0.6247039329685178,0.8557388363383825,ExtraTrees,matminer_magpie_plus_handcrafted_surface_site,0.2597755987060739,0.4751750932464166,0.47161655211507225,9481,220
"CuMo2|Ti3Ta|111|{""H"": ""hollow|A_A_A|HCP""}",CuMo2,Ti3Ta,111,"{""H"": ""hollow|A_A_A|HCP""}","CuMo2|Ti3Ta|111|{""H"": ""hollow|A_A_A|HCP""}",True,CuMo2,Ti3Ta,111,hollow|A_A_A|HCP,-0.8642501645256615,0.19714621719882955,0.8642501645256615,ExtraTrees,matminer_magpie_plus_handcrafted_surface_site,0.2597755987060739,0.4751750932464166,0.47161655211507225,9481,220
"Al7V10|Ti3V|111|{""H"": ""hollow|A_A_A|FCC""}",Al7V10,Ti3V,111,"{""H"": ""hollow|A_A_A|FCC""}","Al7V10|Ti3V|111|{""H"": ""hollow|A_A_A|FCC""}",True,Al7V10,Ti3V,111,hollow|A_A_A|FCC,-0.8838970608113945,0.29282696344687253,0.8838970608113945,ExtraTrees,matminer_magpie_plus_handcrafted_surface_site,0.2597755987060739,0.4751750932464166,0.47161655211507225,9481,220
"V2Zr|PdTa|101|{""H"": ""hollow|A_B_B|HCP""}",V2Zr,PdTa,101,"{""H"": ""hollow|A_B_B|HCP""}","V2Zr|PdTa|101|{""H"": ""hollow|A_B_B|HCP""}",True,V2Zr,PdTa,101,hollow|A_B_B|HCP,-0.8917767883025352,0.14106743508870587,0.8917767883025352,ExtraTrees,matminer_magpie_plus_handcrafted_surface_site,0.2597755987060739,0.4751750932464166,0.47161655211507225,9481,220
"B11Mo|Ti-methylamine|001|{""H"": ""site1""}",B11Mo,Ti-methylamine,1,"{""H"": ""site1""}","B11Mo|Ti-methylamine|001|{""H"": ""site1""}",True,B11Mo,Ti-methylamine,001,site1,-0.9006872383101994,0.501193678480192,0.9006872383101994,ExtraTrees,matminer_magpie_plus_handcrafted_surface_site,0.2597755987060739,0.4751750932464166,0.47161655211507225,9481,220
"Mo2Pb5|Ru3Rh|111|{""H"": ""hollow|A_A_A|FCC""}",Mo2Pb5,Ru3Rh,111,"{""H"": ""hollow|A_A_A|FCC""}","Mo2Pb5|Ru3Rh|111|{""H"": ""hollow|A_A_A|FCC""}",True,Mo2Pb5,Ru3Rh,111,hollow|A_A_A|FCC,0.9417337104918693,0.23253756505104017,0.9417337104918693,ExtraTrees,matminer_magpie_plus_handcrafted_surface_site,0.2597755987060739,0.4751750932464166,0.47161655211507225,9481,220
"Bi2Mo|CoRe|101|{""H"": ""hollow|A_A_B|FCC""}",Bi2Mo,CoRe,101,"{""H"": ""hollow|A_A_B|FCC""}","Bi2Mo|CoRe|101|{""H"": ""hollow|A_A_B|FCC""}",True,Bi2Mo,CoRe,101,hollow|A_A_B|FCC,0.9422381389762505,0.43319100126157184,0.9422381389762505,ExtraTrees,matminer_magpie_plus_handcrafted_surface_site,0.2597755987060739,0.4751750932464166,0.47161655211507225,9481,220
"B11Re|Ti-F|001|{""H"": ""site1""}",B11Re,Ti-F,1,"{""H"": ""site1""}","B11Re|Ti-F|001|{""H"": ""site1""}",True,B11Re,Ti-F,001,site1,-0.9423828476338713,0.586690980389898,0.9423828476338713,ExtraTrees,matminer_magpie_plus_handcrafted_surface_site,0.2597755987060739,0.4751750932464166,0.47161655211507225,9481,220
"MoV|Zr3Mo|111|{""H"": ""hollow|A_A_A|FCC""}",MoV,Zr3Mo,111,"{""H"": ""hollow|A_A_A|FCC""}","MoV|Zr3Mo|111|{""H"": ""hollow|A_A_A|FCC""}",True,MoV,Zr3Mo,111,hollow|A_A_A|FCC,-0.9483706523973783,0.1708314159668874,0.9483706523973783,ExtraTrees,matminer_magpie_plus_handcrafted_surface_site,0.2597755987060739,0.4751750932464166,0.47161655211507225,9481,220
